-- --------------------------------------------------------
-- Host:                         127.0.0.1
-- Server version:               5.7.36 - MySQL Community Server (GPL)
-- Server OS:                    Win64
-- HeidiSQL Version:             12.0.0.6468
-- --------------------------------------------------------

/*!40101 SET @OLD_CHARACTER_SET_CLIENT=@@CHARACTER_SET_CLIENT */;
/*!40101 SET NAMES utf8 */;
/*!50503 SET NAMES utf8mb4 */;
/*!40103 SET @OLD_TIME_ZONE=@@TIME_ZONE */;
/*!40103 SET TIME_ZONE='+00:00' */;
/*!40014 SET @OLD_FOREIGN_KEY_CHECKS=@@FOREIGN_KEY_CHECKS, FOREIGN_KEY_CHECKS=0 */;
/*!40101 SET @OLD_SQL_MODE=@@SQL_MODE, SQL_MODE='NO_AUTO_VALUE_ON_ZERO' */;
/*!40111 SET @OLD_SQL_NOTES=@@SQL_NOTES, SQL_NOTES=0 */;

-- Dumping structure for table prestige.admins
DROP TABLE IF EXISTS `admins`;
CREATE TABLE IF NOT EXISTS `admins` (
  `id` bigint(20) unsigned NOT NULL AUTO_INCREMENT,
  `full_name` varchar(191) COLLATE utf8mb4_unicode_ci NOT NULL,
  `email` varchar(191) COLLATE utf8mb4_unicode_ci NOT NULL,
  `email_verified_at` timestamp NULL DEFAULT NULL,
  `password` varchar(191) COLLATE utf8mb4_unicode_ci NOT NULL,
  `api_token` varchar(191) COLLATE utf8mb4_unicode_ci DEFAULT NULL,
  `salt` varchar(191) COLLATE utf8mb4_unicode_ci DEFAULT NULL,
  `login_attempt` int(11) NOT NULL DEFAULT '0',
  `is_blocked` int(11) NOT NULL DEFAULT '0',
  `active` tinyint(1) NOT NULL DEFAULT '0',
  `activation_token` varchar(191) COLLATE utf8mb4_unicode_ci DEFAULT NULL,
  `created_by` int(11) NOT NULL DEFAULT '0',
  `updated_by` int(11) NOT NULL DEFAULT '0',
  `remember_token` varchar(100) COLLATE utf8mb4_unicode_ci DEFAULT NULL,
  `created_at` timestamp NULL DEFAULT NULL,
  `updated_at` timestamp NULL DEFAULT NULL,
  `deleted_at` timestamp NULL DEFAULT NULL,
  PRIMARY KEY (`id`),
  UNIQUE KEY `admins_email_unique` (`email`),
  KEY `admins_full_name_index` (`full_name`)
) ENGINE=InnoDB AUTO_INCREMENT=4 DEFAULT CHARSET=utf8mb4 COLLATE=utf8mb4_unicode_ci;

-- Dumping data for table prestige.admins: ~1 rows (approximately)
INSERT INTO `admins` (`id`, `full_name`, `email`, `email_verified_at`, `password`, `api_token`, `salt`, `login_attempt`, `is_blocked`, `active`, `activation_token`, `created_by`, `updated_by`, `remember_token`, `created_at`, `updated_at`, `deleted_at`) VALUES
	(3, 'Bautista, King', 'superadmin@gmail.com', NULL, '$2y$10$vram/9jH8N8pehAzoFnaZuNV4tFRfqhY0bW80D.GbpmnaJA/m6aK6', NULL, 'aQvt31LueYGEJOszSMmf', 0, 0, 1, NULL, 0, 0, NULL, '2022-08-10 18:52:17', '2022-08-10 21:24:30', NULL);

-- Dumping structure for table prestige.admins_meta
DROP TABLE IF EXISTS `admins_meta`;
CREATE TABLE IF NOT EXISTS `admins_meta` (
  `id` bigint(20) unsigned NOT NULL AUTO_INCREMENT,
  `admin_id` bigint(20) unsigned DEFAULT NULL,
  `meta_key` varchar(191) COLLATE utf8mb4_unicode_ci DEFAULT NULL,
  `meta_value` longtext COLLATE utf8mb4_unicode_ci,
  `created_at` timestamp NULL DEFAULT NULL,
  `updated_at` timestamp NULL DEFAULT NULL,
  `deleted_at` timestamp NULL DEFAULT NULL,
  PRIMARY KEY (`id`),
  KEY `admins_meta_admin_id_foreign` (`admin_id`),
  KEY `admins_meta_meta_key_index` (`meta_key`),
  CONSTRAINT `admins_meta_admin_id_foreign` FOREIGN KEY (`admin_id`) REFERENCES `admins` (`id`)
) ENGINE=InnoDB AUTO_INCREMENT=7 DEFAULT CHARSET=utf8mb4 COLLATE=utf8mb4_unicode_ci;

-- Dumping data for table prestige.admins_meta: ~2 rows (approximately)
INSERT INTO `admins_meta` (`id`, `admin_id`, `meta_key`, `meta_value`, `created_at`, `updated_at`, `deleted_at`) VALUES
	(5, 3, 'first_name', 'King', '2022-08-10 18:52:17', '2022-08-10 18:52:17', NULL),
	(6, 3, 'last_name', 'Bautista', '2022-08-10 18:52:17', '2022-08-10 18:52:17', NULL);

-- Dumping structure for table prestige.admin_roles
DROP TABLE IF EXISTS `admin_roles`;
CREATE TABLE IF NOT EXISTS `admin_roles` (
  `admin_id` bigint(20) unsigned NOT NULL,
  `role_id` bigint(20) unsigned NOT NULL,
  KEY `admin_roles_admin_id_foreign` (`admin_id`),
  KEY `admin_roles_role_id_foreign` (`role_id`),
  CONSTRAINT `admin_roles_admin_id_foreign` FOREIGN KEY (`admin_id`) REFERENCES `admins` (`id`),
  CONSTRAINT `admin_roles_role_id_foreign` FOREIGN KEY (`role_id`) REFERENCES `roles` (`id`)
) ENGINE=InnoDB DEFAULT CHARSET=utf8mb4 COLLATE=utf8mb4_unicode_ci;

-- Dumping data for table prestige.admin_roles: ~2 rows (approximately)
INSERT INTO `admin_roles` (`admin_id`, `role_id`) VALUES
	(3, 1),
	(3, 2);

-- Dumping structure for table prestige.amenities
DROP TABLE IF EXISTS `amenities`;
CREATE TABLE IF NOT EXISTS `amenities` (
  `id` bigint(20) unsigned NOT NULL AUTO_INCREMENT,
  `name` varchar(191) COLLATE utf8mb4_unicode_ci NOT NULL,
  `active` tinyint(1) NOT NULL DEFAULT '1',
  `created_at` timestamp NULL DEFAULT NULL,
  `updated_at` timestamp NULL DEFAULT NULL,
  `deleted_at` timestamp NULL DEFAULT NULL,
  PRIMARY KEY (`id`),
  KEY `amenities_deleted_at_index` (`deleted_at`)
) ENGINE=InnoDB AUTO_INCREMENT=22 DEFAULT CHARSET=utf8mb4 COLLATE=utf8mb4_unicode_ci;

-- Dumping data for table prestige.amenities: ~21 rows (approximately)
INSERT INTO `amenities` (`id`, `name`, `active`, `created_at`, `updated_at`, `deleted_at`) VALUES
	(1, 'Activity Center', 1, '2022-08-18 23:21:01', '2022-08-18 23:21:01', NULL),
	(2, 'ATM', 1, '2022-08-18 23:21:57', '2022-08-18 23:21:57', NULL),
	(3, 'Breast Feed', 1, '2022-08-18 23:22:03', '2022-08-18 23:22:03', NULL),
	(4, 'Clinic', 1, '2022-08-18 23:22:08', '2022-08-18 23:22:08', NULL),
	(5, 'Concierge', 1, '2022-08-18 23:22:13', '2022-08-18 23:22:13', NULL),
	(6, 'Directory', 1, '2022-08-18 23:22:17', '2022-08-18 23:22:17', NULL),
	(7, 'Entrance', 1, '2022-08-18 23:22:21', '2022-08-18 23:22:21', NULL),
	(8, 'Escalator', 1, '2022-08-18 23:22:25', '2022-08-18 23:22:25', NULL),
	(9, 'Elevator', 1, '2022-08-18 23:22:30', '2022-08-18 23:22:30', NULL),
	(10, 'Elevator Generic', 1, '2022-08-18 23:22:34', '2022-08-18 23:22:34', NULL),
	(11, 'Fire Cabinet', 1, '2022-08-18 23:22:41', '2022-08-18 23:22:41', NULL),
	(12, 'Fire Exit', 1, '2022-08-18 23:22:46', '2022-08-18 23:22:46', NULL),
	(13, 'Fire Extinguisher', 1, '2022-08-18 23:22:51', '2022-08-18 23:22:51', NULL),
	(14, 'Fire Hose', 1, '2022-08-18 23:22:56', '2022-08-18 23:22:56', NULL),
	(15, 'Mall Admin', 1, '2022-08-18 23:23:01', '2022-08-18 23:23:01', NULL),
	(16, 'Parking', 1, '2022-08-18 23:23:05', '2022-08-18 23:23:05', NULL),
	(17, 'PWD Parking', 1, '2022-08-18 23:23:11', '2022-08-18 23:23:11', NULL),
	(18, 'PUV Drop Off', 1, '2022-08-18 23:23:16', '2022-08-18 23:23:16', NULL),
	(19, 'Restroom', 1, '2022-08-18 23:23:22', '2022-08-18 23:23:22', NULL),
	(20, 'Stairs', 1, '2022-08-18 23:23:26', '2022-08-18 23:23:26', NULL),
	(21, 'Transport Terminal', 1, '2022-08-18 23:23:32', '2022-08-18 23:26:29', NULL);

-- Dumping structure for table prestige.brands
DROP TABLE IF EXISTS `brands`;
CREATE TABLE IF NOT EXISTS `brands` (
  `id` bigint(20) unsigned NOT NULL AUTO_INCREMENT,
  `category_id` bigint(20) unsigned DEFAULT NULL,
  `name` varchar(191) COLLATE utf8mb4_unicode_ci NOT NULL,
  `descriptions` mediumtext COLLATE utf8mb4_unicode_ci,
  `logo` mediumtext COLLATE utf8mb4_unicode_ci,
  `active` tinyint(1) NOT NULL DEFAULT '1',
  `created_at` timestamp NULL DEFAULT NULL,
  `updated_at` timestamp NULL DEFAULT NULL,
  `deleted_at` timestamp NULL DEFAULT NULL,
  PRIMARY KEY (`id`),
  KEY `brands_category_id_foreign` (`category_id`),
  KEY `brands_deleted_at_index` (`deleted_at`),
  CONSTRAINT `brands_category_id_foreign` FOREIGN KEY (`category_id`) REFERENCES `categories` (`id`)
) ENGINE=InnoDB DEFAULT CHARSET=utf8mb4 COLLATE=utf8mb4_unicode_ci;

-- Dumping data for table prestige.brands: ~0 rows (approximately)

-- Dumping structure for table prestige.brand_products_promos
DROP TABLE IF EXISTS `brand_products_promos`;
CREATE TABLE IF NOT EXISTS `brand_products_promos` (
  `id` bigint(20) unsigned NOT NULL AUTO_INCREMENT,
  `brand_id` bigint(20) unsigned DEFAULT NULL,
  `name` varchar(191) COLLATE utf8mb4_unicode_ci NOT NULL,
  `descriptions` mediumtext COLLATE utf8mb4_unicode_ci,
  `type` enum('product','promo') COLLATE utf8mb4_unicode_ci NOT NULL,
  `thumbnail` mediumtext COLLATE utf8mb4_unicode_ci,
  `image_url` mediumtext COLLATE utf8mb4_unicode_ci,
  `date_from` date DEFAULT NULL,
  `date_to` date DEFAULT NULL,
  `sequence` int(11) NOT NULL DEFAULT '0',
  `active` tinyint(1) NOT NULL DEFAULT '1',
  `created_at` timestamp NULL DEFAULT NULL,
  `updated_at` timestamp NULL DEFAULT NULL,
  `deleted_at` timestamp NULL DEFAULT NULL,
  PRIMARY KEY (`id`),
  KEY `brand_products_promos_brand_id_foreign` (`brand_id`),
  KEY `brand_products_promos_deleted_at_index` (`deleted_at`),
  CONSTRAINT `brand_products_promos_brand_id_foreign` FOREIGN KEY (`brand_id`) REFERENCES `brands` (`id`)
) ENGINE=InnoDB DEFAULT CHARSET=utf8mb4 COLLATE=utf8mb4_unicode_ci;

-- Dumping data for table prestige.brand_products_promos: ~0 rows (approximately)

-- Dumping structure for table prestige.brand_supplementals
DROP TABLE IF EXISTS `brand_supplementals`;
CREATE TABLE IF NOT EXISTS `brand_supplementals` (
  `brand_id` bigint(20) unsigned DEFAULT NULL,
  `supplemental_id` bigint(20) unsigned DEFAULT NULL,
  KEY `brand_supplementals_brand_id_foreign` (`brand_id`),
  KEY `brand_supplementals_supplemental_id_foreign` (`supplemental_id`),
  CONSTRAINT `brand_supplementals_brand_id_foreign` FOREIGN KEY (`brand_id`) REFERENCES `brands` (`id`),
  CONSTRAINT `brand_supplementals_supplemental_id_foreign` FOREIGN KEY (`supplemental_id`) REFERENCES `supplementals` (`id`)
) ENGINE=InnoDB DEFAULT CHARSET=utf8mb4 COLLATE=utf8mb4_unicode_ci;

-- Dumping data for table prestige.brand_supplementals: ~0 rows (approximately)

-- Dumping structure for table prestige.brand_tags
DROP TABLE IF EXISTS `brand_tags`;
CREATE TABLE IF NOT EXISTS `brand_tags` (
  `brand_id` bigint(20) unsigned DEFAULT NULL,
  `tag_id` bigint(20) unsigned DEFAULT NULL,
  KEY `brand_tags_brand_id_foreign` (`brand_id`),
  KEY `brand_tags_tag_id_foreign` (`tag_id`),
  CONSTRAINT `brand_tags_brand_id_foreign` FOREIGN KEY (`brand_id`) REFERENCES `brands` (`id`),
  CONSTRAINT `brand_tags_tag_id_foreign` FOREIGN KEY (`tag_id`) REFERENCES `tags` (`id`)
) ENGINE=InnoDB DEFAULT CHARSET=utf8mb4 COLLATE=utf8mb4_unicode_ci;

-- Dumping data for table prestige.brand_tags: ~0 rows (approximately)

-- Dumping structure for table prestige.categories
DROP TABLE IF EXISTS `categories`;
CREATE TABLE IF NOT EXISTS `categories` (
  `id` bigint(20) unsigned NOT NULL AUTO_INCREMENT,
  `parent_id` bigint(20) unsigned DEFAULT NULL,
  `name` varchar(191) COLLATE utf8mb4_unicode_ci NOT NULL,
  `descriptions` mediumtext COLLATE utf8mb4_unicode_ci,
  `kiosk_image_primary` mediumtext COLLATE utf8mb4_unicode_ci,
  `kiosk_image_top` mediumtext COLLATE utf8mb4_unicode_ci,
  `online_image_primary` mediumtext COLLATE utf8mb4_unicode_ci,
  `online_image_top` mediumtext COLLATE utf8mb4_unicode_ci,
  `active` tinyint(1) NOT NULL DEFAULT '1',
  `created_at` timestamp NULL DEFAULT NULL,
  `updated_at` timestamp NULL DEFAULT NULL,
  `deleted_at` timestamp NULL DEFAULT NULL,
  PRIMARY KEY (`id`),
  KEY `categories_deleted_at_index` (`deleted_at`)
) ENGINE=InnoDB AUTO_INCREMENT=37 DEFAULT CHARSET=utf8mb4 COLLATE=utf8mb4_unicode_ci;

-- Dumping data for table prestige.categories: ~36 rows (approximately)
INSERT INTO `categories` (`id`, `parent_id`, `name`, `descriptions`, `kiosk_image_primary`, `kiosk_image_top`, `online_image_primary`, `online_image_top`, `active`, `created_at`, `updated_at`, `deleted_at`) VALUES
	(1, 0, 'Fashion', 'Fashion', 'uploads/media/category/Fashion.png', NULL, NULL, NULL, 1, '2022-08-17 22:58:17', '2022-08-17 23:03:05', NULL),
	(2, 0, 'Food', 'Food', 'uploads/media/category/Food.png', NULL, NULL, NULL, 1, '2022-08-17 22:58:23', '2022-08-17 23:03:11', NULL),
	(3, 0, 'Function', 'Function', 'uploads/media/category/Function.png', NULL, NULL, NULL, 1, '2022-08-17 22:58:30', '2022-08-17 23:03:18', NULL),
	(4, 0, 'Consumer Electronics', 'Consumer Electronics', 'uploads/media/category/Consumer-Electronics.png', NULL, NULL, NULL, 1, '2022-08-17 22:58:36', '2022-08-17 23:03:26', NULL),
	(5, 0, 'Essentials & Novelties', 'Essentials & Novelties', 'uploads/media/category/Finds.png', NULL, NULL, NULL, 1, '2022-08-17 22:58:42', '2022-08-17 23:05:43', NULL),
	(6, 0, 'Industries', 'Industries', NULL, NULL, NULL, NULL, 0, '2022-08-17 22:58:47', '2022-08-17 23:23:15', NULL),
	(7, 0, 'Amenities', 'Amenities', NULL, NULL, NULL, NULL, 0, '2022-08-17 22:58:53', '2022-08-17 23:23:22', NULL),
	(8, 1, 'Clothing', 'Clothing', 'uploads/media/category/Clothing.png', 'uploads/media/category/strips/Clothing.png', NULL, NULL, 1, '2022-08-17 23:27:20', '2022-08-18 00:06:57', NULL),
	(9, 1, 'Accessories', 'Accessories', 'uploads/media/category/Accessories.png', 'uploads/media/category/strips/Accessories.png', NULL, NULL, 1, '2022-08-17 23:27:32', '2022-08-18 00:06:20', NULL),
	(10, 1, 'Active Lifestyle', 'Active Lifestyle', 'uploads/media/category/Active-Lifestyle.png', 'uploads/media/category/strips/Active-Lifestyle.png', NULL, NULL, 1, '2022-08-17 23:27:49', '2022-08-18 00:06:34', NULL),
	(11, 1, 'Bags & Footwear', 'Bags & Footwear', 'uploads/media/category/Bags-&-Footwear.png', 'uploads/media/category/strips/Bags-and-Footwear.png', NULL, NULL, 1, '2022-08-17 23:28:36', '2022-08-18 00:06:42', NULL),
	(12, 1, 'Children\'s Wear', 'Children\'s Wear', 'uploads/media/category/Childrens-Wear.png', 'uploads/media/category/strips/Childrens-Wear.png', NULL, NULL, 1, '2022-08-17 23:28:47', '2022-08-18 00:06:51', NULL),
	(13, 2, 'Pastries, Desserts and Beverages', 'Pastries, Desserts and Beverages', 'uploads/media/category/Pastries.png', 'uploads/media/category/strips/Pastries.png', NULL, NULL, 1, '2022-08-17 23:32:03', '2022-08-18 00:07:57', NULL),
	(14, 2, 'Quick Serve', 'Quick Serve', 'uploads/media/category/Quick-Serve.png', 'uploads/media/category/strips/Quick-Serve.png', NULL, NULL, 1, '2022-08-17 23:32:15', '2022-08-18 00:07:16', NULL),
	(15, 2, 'Food Court', 'Food Court', 'uploads/media/category/Food-Court.png', 'uploads/media/category/strips/Food-Court.png', NULL, NULL, 1, '2022-08-17 23:32:24', '2022-08-18 00:07:24', NULL),
	(16, 2, 'Novelty Food & Drinks', 'Novelty Food & Drinks', 'uploads/media/category/Novelty.png', 'uploads/media/category/strips/Novelty.png', NULL, NULL, 1, '2022-08-17 23:32:37', '2022-08-18 00:07:32', NULL),
	(17, 2, 'Casual Dining', 'Casual Dining', 'uploads/media/category/Casual-Dining.png', 'uploads/media/category/strips/Casual-Dining.png', NULL, NULL, 1, '2022-08-17 23:32:48', '2022-08-18 00:07:39', NULL),
	(18, 2, 'Food Hall', 'Food Hall', 'uploads/media/category/Food-Hall.png', 'uploads/media/category/strips/Food-Hall.png', NULL, NULL, 1, '2022-08-17 23:32:57', '2022-08-18 00:07:47', NULL),
	(19, 3, 'Banks', 'Banks', 'uploads/media/category/Banks.png', 'uploads/media/category/strips/Banks.png', NULL, NULL, 1, '2022-08-17 23:39:43', '2022-08-18 00:08:20', NULL),
	(20, 3, 'Business, Supplies & Service Centers', 'Business, Supplies & Service Centers', 'uploads/media/category/Business.png', 'uploads/media/category/strips/Business.png', NULL, NULL, 1, '2022-08-17 23:39:51', '2022-08-18 00:08:27', NULL),
	(21, 3, 'Government Services', 'Government Services', 'uploads/media/category/Government.png', 'uploads/media/category/strips/Government.png', NULL, NULL, 1, '2022-08-17 23:39:58', '2022-08-18 00:08:33', NULL),
	(22, 3, 'Health & Beauty Services', 'Health & Beauty Services', 'uploads/media/category/Health.png', 'uploads/media/category/strips/Health.png', NULL, NULL, 1, '2022-08-17 23:40:04', '2022-08-18 00:08:44', NULL),
	(23, 3, 'Wellness Centers', 'Wellness Centers', 'uploads/media/category/Wellness.png', 'uploads/media/category/strips/Wellness.png', NULL, NULL, 1, '2022-08-17 23:40:13', '2022-08-18 00:08:53', NULL),
	(24, 3, 'Pet Services', 'Pet Services', 'uploads/media/category/Pet.png', 'uploads/media/category/strips/Pet.png', NULL, NULL, 1, '2022-08-17 23:40:20', '2022-08-18 00:09:00', NULL),
	(25, 4, 'Computers & Telecommunications', 'Computers & Telecommunications', 'uploads/media/category/Computers-&-Telecommunications.png', 'uploads/media/category/strips/Computers-&-Telecommunications.png', NULL, NULL, 1, '2022-08-17 23:48:50', '2022-08-18 00:09:26', NULL),
	(26, 4, 'Photography, Print & Photo Services', 'Photography, Print & Photo Services', 'uploads/media/category/Photography,-Print-&-Photo-Services.png', 'uploads/media/category/strips/Photography,-Print-&-Photo-Services.png', NULL, NULL, 1, '2022-08-17 23:49:01', '2022-08-18 00:09:35', NULL),
	(27, 4, 'Appliance Stores', 'Appliance Stores', 'uploads/media/category/Appliance-Stores.png', 'uploads/media/category/strips/Appliance-Stores.png', NULL, NULL, 1, '2022-08-17 23:49:10', '2022-08-18 00:09:43', NULL),
	(28, 5, 'Amusement & Exhibitions', 'Amusement & Exhibitions', 'uploads/media/category/Amusement-&-Exhibitions.png', 'uploads/media/category/strips/Amusement-&-Exhibitions.png', NULL, NULL, 1, '2022-08-17 23:55:16', '2022-08-18 00:09:59', NULL),
	(29, 5, 'Auto Supplies & Accessories', 'Auto Supplies & Accessories', 'uploads/media/category/Auto-Supplies-&-Accessories.png', 'uploads/media/category/strips/Auto-Supplies-&-Accessories.png', NULL, NULL, 1, '2022-08-17 23:55:27', '2022-08-18 00:10:06', NULL),
	(30, 5, 'Department Stores and Supermarkets', 'Department Stores and Supermarkets', 'uploads/media/category/Department-Stores-&-Supermarket.png', 'uploads/media/category/strips/Department-Stores-&-Supermarket.png', NULL, NULL, 1, '2022-08-17 23:55:37', '2022-08-18 00:10:11', NULL),
	(31, 5, 'Hobbies & Novelties', 'Hobbies & Novelties', 'uploads/media/category/Hobbies-&-Novelties.png', 'uploads/media/category/strips/Hobbies-&-Novelties.png', NULL, NULL, 1, '2022-08-17 23:55:46', '2022-08-18 00:10:18', NULL),
	(32, 5, 'Home & Gardening', 'Home & Gardening', 'uploads/media/category/Home-&-Gardening.png', 'uploads/media/category/strips/Home-&-Gardening.png', NULL, NULL, 1, '2022-08-17 23:56:00', '2022-08-18 00:10:24', NULL),
	(33, 5, 'Media & Music', 'Media & Music', 'uploads/media/category/Media-&-Music.png', 'uploads/media/category/strips/Media-&-Music.png', NULL, NULL, 1, '2022-08-17 23:56:10', '2022-08-18 00:10:31', NULL),
	(34, 5, 'Personal Care & Drug', 'Personal Care & Drug', 'uploads/media/category/Personal-Care-&-Drug.png', 'uploads/media/category/strips/Personal-Care-&-Drug.png', NULL, NULL, 1, '2022-08-17 23:56:20', '2022-08-18 00:10:37', NULL),
	(35, 5, 'School & Office Supplies', 'School & Office Supplies', 'uploads/media/category/School-&-Office-Supplies.png', 'uploads/media/category/strips/School-&-Office-Supplies.png', NULL, NULL, 1, '2022-08-17 23:56:31', '2022-08-18 00:26:16', NULL),
	(36, 5, 'Sporting Goods', 'Sporting Goods', 'uploads/media/category/Sporting-Goods.png', 'uploads/media/category/strips/Sporting-Goods.png', NULL, NULL, 1, '2022-08-17 23:56:41', '2022-08-18 00:26:25', NULL);

-- Dumping structure for table prestige.classifications
DROP TABLE IF EXISTS `classifications`;
CREATE TABLE IF NOT EXISTS `classifications` (
  `id` bigint(20) unsigned NOT NULL AUTO_INCREMENT,
  `name` varchar(191) COLLATE utf8mb4_unicode_ci NOT NULL,
  `active` tinyint(1) NOT NULL DEFAULT '1',
  `created_at` timestamp NULL DEFAULT NULL,
  `updated_at` timestamp NULL DEFAULT NULL,
  `deleted_at` timestamp NULL DEFAULT NULL,
  PRIMARY KEY (`id`),
  KEY `classifications_deleted_at_index` (`deleted_at`)
) ENGINE=InnoDB AUTO_INCREMENT=7 DEFAULT CHARSET=utf8mb4 COLLATE=utf8mb4_unicode_ci;

-- Dumping data for table prestige.classifications: ~6 rows (approximately)
INSERT INTO `classifications` (`id`, `name`, `active`, `created_at`, `updated_at`, `deleted_at`) VALUES
	(1, 'Site - Head Office', 1, '2022-08-18 22:41:16', '2022-08-18 22:42:31', NULL),
	(2, 'Site - Local', 1, '2022-08-18 22:42:43', '2022-08-18 22:42:43', NULL),
	(3, 'Advertiser Brand', 1, '2022-08-18 22:42:51', '2022-08-18 22:42:51', NULL),
	(4, 'Advertiser Site', 1, '2022-08-18 22:42:59', '2022-08-18 22:42:59', NULL),
	(5, 'Advertiser Franchisee', 1, '2022-08-18 22:43:06', '2022-08-18 22:43:06', NULL),
	(6, 'Advertiser Agency', 1, '2022-08-18 22:43:14', '2022-08-18 22:43:14', NULL);

-- Dumping structure for table prestige.failed_jobs
DROP TABLE IF EXISTS `failed_jobs`;
CREATE TABLE IF NOT EXISTS `failed_jobs` (
  `id` bigint(20) unsigned NOT NULL AUTO_INCREMENT,
  `uuid` varchar(191) COLLATE utf8mb4_unicode_ci NOT NULL,
  `connection` text COLLATE utf8mb4_unicode_ci NOT NULL,
  `queue` text COLLATE utf8mb4_unicode_ci NOT NULL,
  `payload` longtext COLLATE utf8mb4_unicode_ci NOT NULL,
  `exception` longtext COLLATE utf8mb4_unicode_ci NOT NULL,
  `failed_at` timestamp NOT NULL DEFAULT CURRENT_TIMESTAMP,
  PRIMARY KEY (`id`),
  UNIQUE KEY `failed_jobs_uuid_unique` (`uuid`)
) ENGINE=MyISAM DEFAULT CHARSET=utf8mb4 COLLATE=utf8mb4_unicode_ci;

-- Dumping data for table prestige.failed_jobs: 0 rows
/*!40000 ALTER TABLE `failed_jobs` DISABLE KEYS */;
/*!40000 ALTER TABLE `failed_jobs` ENABLE KEYS */;

-- Dumping structure for table prestige.migrations
DROP TABLE IF EXISTS `migrations`;
CREATE TABLE IF NOT EXISTS `migrations` (
  `id` int(10) unsigned NOT NULL AUTO_INCREMENT,
  `migration` varchar(191) COLLATE utf8mb4_unicode_ci NOT NULL,
  `batch` int(11) NOT NULL,
  PRIMARY KEY (`id`)
) ENGINE=MyISAM AUTO_INCREMENT=110 DEFAULT CHARSET=utf8mb4 COLLATE=utf8mb4_unicode_ci;

-- Dumping data for table prestige.migrations: 15 rows
/*!40000 ALTER TABLE `migrations` DISABLE KEYS */;
INSERT INTO `migrations` (`id`, `migration`, `batch`) VALUES
	(86, '2014_10_12_000000_create_users_table', 1),
	(87, '2014_10_12_100000_create_password_resets_table', 1),
	(88, '2019_08_19_000000_create_failed_jobs_table', 1),
	(89, '2019_12_14_000001_create_personal_access_tokens_table', 1),
	(90, '2022_07_06_060520_create_admins_table', 1),
	(91, '2022_07_24_033218_create_roles_table', 1),
	(92, '2022_07_24_033711_create_modules_table', 1),
	(94, '2022_07_24_034338_create_permissions_table', 2),
	(96, '2022_08_11_021826_create_admin_roles_table', 3),
	(103, '2022_08_15_065027_create_categories_table', 4),
	(104, '2022_08_19_015141_create_supplementals_table', 5),
	(105, '2022_08_19_060557_create_classifications_table', 6),
	(106, '2022_08_19_065434_create_amenities_table', 7),
	(108, '2022_08_22_074123_create_tags_table', 8),
	(109, '2022_08_22_084625_create_brands_table', 9);
/*!40000 ALTER TABLE `migrations` ENABLE KEYS */;

-- Dumping structure for table prestige.modules
DROP TABLE IF EXISTS `modules`;
CREATE TABLE IF NOT EXISTS `modules` (
  `id` bigint(20) unsigned NOT NULL AUTO_INCREMENT,
  `parent_id` bigint(20) unsigned DEFAULT NULL,
  `name` varchar(191) COLLATE utf8mb4_unicode_ci NOT NULL,
  `link` varchar(191) COLLATE utf8mb4_unicode_ci NOT NULL,
  `class_name` varchar(191) COLLATE utf8mb4_unicode_ci DEFAULT NULL,
  `active` tinyint(1) NOT NULL DEFAULT '0',
  `created_at` timestamp NULL DEFAULT NULL,
  `updated_at` timestamp NULL DEFAULT NULL,
  `deleted_at` timestamp NULL DEFAULT NULL,
  PRIMARY KEY (`id`),
  KEY `modules_name_index` (`name`),
  KEY `modules_deleted_at_index` (`deleted_at`)
) ENGINE=InnoDB AUTO_INCREMENT=33 DEFAULT CHARSET=utf8mb4 COLLATE=utf8mb4_unicode_ci;

-- Dumping data for table prestige.modules: ~31 rows (approximately)
INSERT INTO `modules` (`id`, `parent_id`, `name`, `link`, `class_name`, `active`, `created_at`, `updated_at`, `deleted_at`) VALUES
	(1, NULL, 'Admin Management', '#', 'nav-icon fas fa-users-cog', 1, '2022-08-08 01:26:43', '2022-08-08 01:26:43', NULL),
	(3, 1, 'Roles', '/admin/roles', 'nav-icon fas fa-user-tag', 1, '2022-08-08 18:49:58', '2022-08-08 18:49:58', NULL),
	(4, 1, 'Modules', '/admin/modules', 'nav-icon fas fa-link', 1, '2022-08-08 18:51:00', '2022-08-08 18:51:00', NULL),
	(5, NULL, 'Users Management', '/admin/subscriber', 'nav-icon fas fa-users', 1, '2022-08-08 18:52:38', '2022-08-08 18:58:13', NULL),
	(6, NULL, 'Look-up Management', '#', 'nav-icon fas fa-clipboard-list', 1, '2022-08-08 18:58:42', '2022-08-18 17:49:30', NULL),
	(7, 6, 'Categories', '/admin/categories', 'nav-icon fas fa-th-list', 1, '2022-08-08 18:59:53', '2022-08-08 18:59:53', NULL),
	(8, 6, 'Supplementals', '/admin/supplementals', 'nav-icon fas fa-list-ul', 1, '2022-08-08 19:05:44', '2022-08-08 19:05:44', NULL),
	(9, 6, 'Classifications', '/admin/classifications', 'nav-icon fas fa-list-ol', 1, '2022-08-08 19:06:11', '2022-08-08 19:06:11', NULL),
	(10, NULL, 'Brand Management', '/admin/brands', 'nav-icon fas fa-copyright', 1, '2022-08-08 19:11:32', '2022-08-08 19:11:32', NULL),
	(11, 1, 'User', '/admin/users', 'nav-icon fas fa-user-secret', 1, '2022-08-08 01:32:54', '2022-08-08 18:50:08', NULL),
	(12, NULL, 'Tenant Management', '#', 'nav-icon fas fa-store-alt', 1, '2022-08-11 22:51:31', '2022-08-23 22:30:10', '2022-08-23 22:30:10'),
	(13, NULL, 'Sites Management', '#', 'nav-icon fas fa-city', 1, '2022-08-11 22:51:51', '2022-08-11 22:51:51', NULL),
	(14, NULL, 'Ads Management', '#', 'nav-icon fas fa-photo-video', 1, '2022-08-11 22:52:09', '2022-08-11 22:52:09', NULL),
	(15, 14, 'Web banners', '#', 'nav-icon fas fa-images', 1, '2022-08-11 22:52:33', '2022-08-11 22:52:33', NULL),
	(16, 14, 'Kiosk banner', '#', 'nav-icon fas fa-images', 1, '2022-08-11 22:52:53', '2022-08-11 22:52:53', NULL),
	(17, 14, 'Fullscreen Banner', '#', 'nav-icon fas fa-images', 1, '2022-08-11 22:53:17', '2022-08-11 22:53:17', NULL),
	(18, 14, 'Pop-Ups', '#', 'nav-icon fas fa-image', 1, '2022-08-11 22:53:37', '2022-08-11 22:53:37', NULL),
	(19, 14, 'Events', '#', 'nav-icon fas fa-calendar-alt', 1, '2022-08-11 22:53:54', '2022-08-11 22:53:54', NULL),
	(20, NULL, 'Reports Management', '#', 'nav-icon fas fa-chart-area', 1, '2022-08-11 22:54:30', '2022-08-11 22:54:30', NULL),
	(21, 20, 'Merchant Population', '#', 'nav-icon fas fa-chart-area', 1, '2022-08-11 23:03:59', '2022-08-11 23:03:59', NULL),
	(22, 20, 'Top Tenant Searches', '#', 'nav-icon fas fa-chart-area', 1, '2022-08-11 23:04:18', '2022-08-11 23:04:18', NULL),
	(23, 20, 'Most Searched Keywords', '#', 'nav-icon fas fa-chart-area', 1, '2022-08-11 23:04:44', '2022-08-11 23:04:44', NULL),
	(24, 20, 'Merchant Usage', '#', 'nav-icon fas fa-chart-area', 1, '2022-08-11 23:05:00', '2022-08-11 23:05:00', NULL),
	(25, 20, 'Monthly Usage', '#', 'nav-icon fas fa-chart-area', 1, '2022-08-11 23:05:14', '2022-08-11 23:05:14', NULL),
	(26, 20, 'Sites with Highest Usage', '#', 'nav-icon fas fa-chart-area', 1, '2022-08-11 23:05:33', '2022-08-11 23:05:33', NULL),
	(27, 20, 'Kiosk Uptime History', '#', 'nav-icon fas fa-chart-area', 1, '2022-08-11 23:05:50', '2022-08-11 23:05:50', NULL),
	(28, 20, 'System activity logs', '#', 'nav-icon fas fa-chart-area', 1, '2022-08-11 23:06:05', '2022-08-11 23:06:05', NULL),
	(29, 20, 'Sales and Revenue', '#', 'nav-icon fas fa-chart-area', 1, '2022-08-11 23:06:21', '2022-08-11 23:06:21', NULL),
	(30, 20, 'Earnings overview', '#', 'nav-icon fas fa-chart-area', 1, '2022-08-11 23:06:37', '2022-08-11 23:06:37', NULL),
	(31, 6, 'Amenities', '/admin/amenities', 'nav-icon fas fa-restroom', 1, '2022-08-18 22:50:23', '2022-08-18 22:51:50', NULL),
	(32, 6, 'Tags', '/admin/tags', 'nav-icon fa fa-tags', 1, '2022-08-22 17:03:10', '2022-08-22 17:03:22', NULL);

-- Dumping structure for table prestige.password_resets
DROP TABLE IF EXISTS `password_resets`;
CREATE TABLE IF NOT EXISTS `password_resets` (
  `email` varchar(191) COLLATE utf8mb4_unicode_ci NOT NULL,
  `token` varchar(191) COLLATE utf8mb4_unicode_ci NOT NULL,
  `created_at` timestamp NULL DEFAULT NULL,
  KEY `password_resets_email_index` (`email`)
) ENGINE=MyISAM DEFAULT CHARSET=utf8mb4 COLLATE=utf8mb4_unicode_ci;

-- Dumping data for table prestige.password_resets: 0 rows
/*!40000 ALTER TABLE `password_resets` DISABLE KEYS */;
/*!40000 ALTER TABLE `password_resets` ENABLE KEYS */;

-- Dumping structure for table prestige.permissions
DROP TABLE IF EXISTS `permissions`;
CREATE TABLE IF NOT EXISTS `permissions` (
  `id` bigint(20) unsigned NOT NULL AUTO_INCREMENT,
  `role_id` bigint(20) unsigned NOT NULL,
  `module_id` bigint(20) unsigned NOT NULL,
  `can_view` tinyint(1) NOT NULL DEFAULT '0',
  `can_add` tinyint(1) NOT NULL DEFAULT '0',
  `can_edit` tinyint(1) NOT NULL DEFAULT '0',
  `can_delete` tinyint(1) NOT NULL DEFAULT '0',
  `created_at` timestamp NULL DEFAULT NULL,
  `updated_at` timestamp NULL DEFAULT NULL,
  `deleted_at` timestamp NULL DEFAULT NULL,
  PRIMARY KEY (`id`),
  KEY `permissions_role_id_foreign` (`role_id`),
  KEY `permissions_module_id_foreign` (`module_id`),
  KEY `permissions_deleted_at_index` (`deleted_at`),
  CONSTRAINT `permissions_module_id_foreign` FOREIGN KEY (`module_id`) REFERENCES `modules` (`id`),
  CONSTRAINT `permissions_role_id_foreign` FOREIGN KEY (`role_id`) REFERENCES `roles` (`id`)
) ENGINE=InnoDB AUTO_INCREMENT=66 DEFAULT CHARSET=utf8mb4 COLLATE=utf8mb4_unicode_ci;

-- Dumping data for table prestige.permissions: ~60 rows (approximately)
INSERT INTO `permissions` (`id`, `role_id`, `module_id`, `can_view`, `can_add`, `can_edit`, `can_delete`, `created_at`, `updated_at`, `deleted_at`) VALUES
	(1, 2, 1, 1, 1, 1, 1, '2022-08-09 20:12:41', '2022-08-14 21:54:18', NULL),
	(2, 2, 3, 1, 1, 1, 1, '2022-08-09 20:17:32', '2022-08-14 21:54:18', NULL),
	(3, 2, 4, 1, 1, 1, 1, '2022-08-09 20:17:32', '2022-08-14 21:54:18', NULL),
	(4, 2, 11, 1, 1, 1, 1, '2022-08-09 20:17:32', '2022-08-14 21:54:18', NULL),
	(5, 2, 5, 1, 1, 1, 1, '2022-08-09 20:17:32', '2022-08-09 23:31:55', NULL),
	(6, 2, 6, 1, 1, 1, 1, '2022-08-09 20:17:32', '2022-08-09 23:31:55', NULL),
	(7, 2, 7, 1, 1, 1, 1, '2022-08-09 20:17:32', '2022-08-09 23:31:55', NULL),
	(8, 2, 8, 1, 1, 1, 1, '2022-08-09 20:17:32', '2022-08-09 23:31:55', NULL),
	(9, 2, 9, 1, 1, 1, 1, '2022-08-09 20:17:32', '2022-08-09 23:31:55', NULL),
	(10, 2, 10, 1, 1, 1, 1, '2022-08-09 20:17:32', '2022-08-09 23:31:55', NULL),
	(16, 1, 1, 1, 1, 1, 1, '2022-08-10 00:58:44', '2022-08-14 21:54:33', NULL),
	(17, 1, 3, 1, 1, 1, 1, '2022-08-10 00:58:45', '2022-08-14 21:54:33', NULL),
	(18, 1, 4, 1, 1, 1, 1, '2022-08-10 00:58:45', '2022-08-14 21:54:33', NULL),
	(19, 1, 11, 1, 1, 1, 1, '2022-08-10 00:58:45', '2022-08-14 21:54:33', NULL),
	(20, 1, 5, 1, 1, 1, 1, '2022-08-10 00:58:45', '2022-08-11 22:49:43', NULL),
	(21, 1, 6, 1, 1, 1, 1, '2022-08-10 00:58:45', '2022-08-22 17:03:54', NULL),
	(22, 1, 7, 1, 1, 1, 1, '2022-08-10 00:58:45', '2022-08-22 17:03:54', NULL),
	(23, 1, 8, 1, 1, 1, 1, '2022-08-10 00:58:45', '2022-08-22 17:03:54', NULL),
	(24, 1, 9, 1, 1, 1, 1, '2022-08-10 00:58:45', '2022-08-22 17:03:54', NULL),
	(25, 1, 10, 1, 1, 1, 1, '2022-08-10 00:58:45', '2022-08-11 22:49:43', NULL),
	(26, 1, 12, 1, 1, 1, 1, '2022-08-11 23:57:15', '2022-08-12 00:06:23', NULL),
	(27, 1, 13, 1, 1, 1, 1, '2022-08-11 23:57:15', '2022-08-12 00:06:23', NULL),
	(28, 1, 14, 1, 1, 1, 1, '2022-08-11 23:57:15', '2022-08-12 00:06:23', NULL),
	(29, 1, 15, 1, 1, 1, 1, '2022-08-11 23:57:15', '2022-08-12 00:06:23', NULL),
	(30, 1, 16, 1, 1, 1, 1, '2022-08-11 23:57:15', '2022-08-12 00:06:23', NULL),
	(31, 1, 17, 1, 1, 1, 1, '2022-08-11 23:57:15', '2022-08-12 00:06:23', NULL),
	(32, 1, 18, 1, 1, 1, 1, '2022-08-11 23:57:15', '2022-08-12 00:06:23', NULL),
	(33, 1, 19, 1, 1, 1, 1, '2022-08-11 23:57:15', '2022-08-12 00:06:23', NULL),
	(34, 1, 20, 1, 1, 1, 1, '2022-08-11 23:57:15', '2022-08-12 00:06:23', NULL),
	(35, 1, 21, 1, 1, 1, 1, '2022-08-11 23:57:15', '2022-08-12 00:06:23', NULL),
	(36, 1, 22, 1, 1, 1, 1, '2022-08-11 23:57:15', '2022-08-12 00:06:23', NULL),
	(37, 1, 23, 1, 1, 1, 1, '2022-08-11 23:57:15', '2022-08-12 00:06:23', NULL),
	(38, 1, 24, 1, 1, 1, 1, '2022-08-11 23:57:15', '2022-08-12 00:06:23', NULL),
	(39, 1, 25, 1, 1, 1, 1, '2022-08-11 23:57:15', '2022-08-12 00:06:23', NULL),
	(40, 1, 26, 1, 1, 1, 1, '2022-08-11 23:57:15', '2022-08-12 00:06:23', NULL),
	(41, 1, 27, 1, 1, 1, 1, '2022-08-11 23:57:15', '2022-08-12 00:06:23', NULL),
	(42, 1, 28, 1, 1, 1, 1, '2022-08-11 23:57:15', '2022-08-12 00:06:23', NULL),
	(43, 1, 29, 1, 1, 1, 1, '2022-08-11 23:57:15', '2022-08-12 00:06:23', NULL),
	(44, 1, 30, 1, 1, 1, 1, '2022-08-11 23:57:15', '2022-08-12 00:06:23', NULL),
	(45, 2, 12, 0, 0, 0, 0, '2022-08-14 18:59:38', '2022-08-14 18:59:38', NULL),
	(46, 2, 13, 0, 0, 0, 0, '2022-08-14 18:59:38', '2022-08-14 18:59:38', NULL),
	(47, 2, 14, 0, 0, 0, 0, '2022-08-14 18:59:38', '2022-08-14 18:59:38', NULL),
	(48, 2, 15, 0, 0, 0, 0, '2022-08-14 18:59:38', '2022-08-14 18:59:38', NULL),
	(49, 2, 16, 0, 0, 0, 0, '2022-08-14 18:59:38', '2022-08-14 18:59:38', NULL),
	(50, 2, 17, 0, 0, 0, 0, '2022-08-14 18:59:38', '2022-08-14 18:59:38', NULL),
	(51, 2, 18, 0, 0, 0, 0, '2022-08-14 18:59:38', '2022-08-14 18:59:38', NULL),
	(52, 2, 19, 0, 0, 0, 0, '2022-08-14 18:59:38', '2022-08-14 18:59:38', NULL),
	(53, 2, 20, 0, 0, 0, 0, '2022-08-14 18:59:38', '2022-08-14 18:59:38', NULL),
	(54, 2, 21, 0, 0, 0, 0, '2022-08-14 18:59:38', '2022-08-14 18:59:38', NULL),
	(55, 2, 22, 0, 0, 0, 0, '2022-08-14 18:59:38', '2022-08-14 18:59:38', NULL),
	(56, 2, 23, 0, 0, 0, 0, '2022-08-14 18:59:38', '2022-08-14 18:59:38', NULL),
	(57, 2, 24, 0, 0, 0, 0, '2022-08-14 18:59:38', '2022-08-14 18:59:38', NULL),
	(58, 2, 25, 0, 0, 0, 0, '2022-08-14 18:59:38', '2022-08-14 18:59:38', NULL),
	(59, 2, 26, 0, 0, 0, 0, '2022-08-14 18:59:38', '2022-08-14 18:59:38', NULL),
	(60, 2, 27, 0, 0, 0, 0, '2022-08-14 18:59:38', '2022-08-14 18:59:38', NULL),
	(61, 2, 28, 0, 0, 0, 0, '2022-08-14 18:59:38', '2022-08-14 18:59:38', NULL),
	(62, 2, 29, 0, 0, 0, 0, '2022-08-14 18:59:38', '2022-08-14 18:59:38', NULL),
	(63, 2, 30, 0, 0, 0, 0, '2022-08-14 18:59:38', '2022-08-14 18:59:38', NULL),
	(64, 1, 31, 1, 1, 1, 1, '2022-08-18 22:51:07', '2022-08-22 17:03:54', NULL),
	(65, 1, 32, 1, 1, 1, 1, '2022-08-22 17:03:54', '2022-08-22 17:03:54', NULL);

-- Dumping structure for table prestige.personal_access_tokens
DROP TABLE IF EXISTS `personal_access_tokens`;
CREATE TABLE IF NOT EXISTS `personal_access_tokens` (
  `id` bigint(20) unsigned NOT NULL AUTO_INCREMENT,
  `tokenable_type` varchar(191) COLLATE utf8mb4_unicode_ci NOT NULL,
  `tokenable_id` bigint(20) unsigned NOT NULL,
  `name` varchar(191) COLLATE utf8mb4_unicode_ci NOT NULL,
  `token` varchar(64) COLLATE utf8mb4_unicode_ci NOT NULL,
  `abilities` text COLLATE utf8mb4_unicode_ci,
  `last_used_at` timestamp NULL DEFAULT NULL,
  `created_at` timestamp NULL DEFAULT NULL,
  `updated_at` timestamp NULL DEFAULT NULL,
  PRIMARY KEY (`id`),
  UNIQUE KEY `personal_access_tokens_token_unique` (`token`),
  KEY `personal_access_tokens_tokenable_type_tokenable_id_index` (`tokenable_type`,`tokenable_id`)
) ENGINE=MyISAM DEFAULT CHARSET=utf8mb4 COLLATE=utf8mb4_unicode_ci;

-- Dumping data for table prestige.personal_access_tokens: 0 rows
/*!40000 ALTER TABLE `personal_access_tokens` DISABLE KEYS */;
/*!40000 ALTER TABLE `personal_access_tokens` ENABLE KEYS */;

-- Dumping structure for table prestige.roles
DROP TABLE IF EXISTS `roles`;
CREATE TABLE IF NOT EXISTS `roles` (
  `id` bigint(20) unsigned NOT NULL AUTO_INCREMENT,
  `name` varchar(191) COLLATE utf8mb4_unicode_ci NOT NULL,
  `description` varchar(191) COLLATE utf8mb4_unicode_ci NOT NULL,
  `active` tinyint(1) NOT NULL DEFAULT '0',
  `created_at` timestamp NULL DEFAULT NULL,
  `updated_at` timestamp NULL DEFAULT NULL,
  `deleted_at` timestamp NULL DEFAULT NULL,
  PRIMARY KEY (`id`),
  KEY `roles_name_index` (`name`),
  KEY `roles_deleted_at_index` (`deleted_at`)
) ENGINE=InnoDB AUTO_INCREMENT=3 DEFAULT CHARSET=utf8mb4 COLLATE=utf8mb4_unicode_ci;

-- Dumping data for table prestige.roles: ~2 rows (approximately)
INSERT INTO `roles` (`id`, `name`, `description`, `active`, `created_at`, `updated_at`, `deleted_at`) VALUES
	(1, 'Super Admin', 'Mga Alien lang ang may access dito', 1, '2022-08-08 19:13:33', '2022-08-08 19:13:33', NULL),
	(2, 'Admin', 'Corporate access', 1, '2022-08-08 19:13:57', '2022-08-08 19:13:57', NULL);

-- Dumping structure for table prestige.supplementals
DROP TABLE IF EXISTS `supplementals`;
CREATE TABLE IF NOT EXISTS `supplementals` (
  `id` bigint(20) unsigned NOT NULL AUTO_INCREMENT,
  `category_id` bigint(20) unsigned DEFAULT NULL,
  `name` varchar(191) COLLATE utf8mb4_unicode_ci NOT NULL,
  `kiosk_image_primary` mediumtext COLLATE utf8mb4_unicode_ci,
  `kiosk_image_top` mediumtext COLLATE utf8mb4_unicode_ci,
  `online_image_primary` mediumtext COLLATE utf8mb4_unicode_ci,
  `online_image_top` mediumtext COLLATE utf8mb4_unicode_ci,
  `active` tinyint(1) NOT NULL DEFAULT '1',
  `created_at` timestamp NULL DEFAULT NULL,
  `updated_at` timestamp NULL DEFAULT NULL,
  `deleted_at` timestamp NULL DEFAULT NULL,
  PRIMARY KEY (`id`),
  KEY `supplementals_category_id_foreign` (`category_id`),
  KEY `supplementals_deleted_at_index` (`deleted_at`),
  CONSTRAINT `supplementals_category_id_foreign` FOREIGN KEY (`category_id`) REFERENCES `categories` (`id`)
) ENGINE=InnoDB AUTO_INCREMENT=60 DEFAULT CHARSET=utf8mb4 COLLATE=utf8mb4_unicode_ci;

-- Dumping data for table prestige.supplementals: ~59 rows (approximately)
INSERT INTO `supplementals` (`id`, `category_id`, `name`, `kiosk_image_primary`, `kiosk_image_top`, `online_image_primary`, `online_image_top`, `active`, `created_at`, `updated_at`, `deleted_at`) VALUES
	(1, 2, 'American', 'uploads/media/supplemental/American.png', 'uploads/media/supplemental/strips/American.png', '', '', 1, '2022-08-18 19:17:23', '2022-08-18 19:35:05', NULL),
	(2, 2, 'Asian', 'uploads/media/supplemental/Asian.png', 'uploads/media/supplemental/strips/Asian.png', '', '', 1, '2022-08-18 19:37:41', '2022-08-18 19:38:57', NULL),
	(3, 2, 'Baby Back Ribs', 'uploads/media/supplemental/Baby-Back-Ribs.png', 'uploads/media/supplemental/strips/Baby-Back-Ribs.png', '', '', 1, '2022-08-18 19:37:55', '2022-08-18 19:39:05', NULL),
	(4, 2, 'Barbecue', 'uploads/media/supplemental/Barbecue.png', 'uploads/media/supplemental/strips/Barbecue.png', '', '', 1, '2022-08-18 19:38:07', '2022-08-18 19:39:13', NULL),
	(5, 2, 'Beef', 'uploads/media/supplemental/Beef.png', 'uploads/media/supplemental/strips/Beef.png', '', '', 1, '2022-08-18 19:38:18', '2022-08-18 19:39:19', NULL),
	(6, 2, 'Bread', 'uploads/media/supplemental/Bread.png', 'uploads/media/supplemental/strips/Bread.png', '', '', 1, '2022-08-18 19:38:30', '2022-08-18 19:39:25', NULL),
	(7, 2, 'Burger', 'uploads/media/supplemental/Burger.png', 'uploads/media/supplemental/strips/Burger.png', '', '', 1, '2022-08-18 19:38:41', '2022-08-18 19:39:33', NULL),
	(8, 2, 'Cake', 'uploads/media/supplemental/Cake.png', 'uploads/media/supplemental/strips/Cake.png', '', '', 1, '2022-08-18 19:40:38', '2022-08-18 19:41:10', NULL),
	(9, 2, 'Chicken', 'uploads/media/supplemental/Chicken.png', 'uploads/media/supplemental/strips/Chicken.png', '', '', 1, '2022-08-18 19:40:50', '2022-08-18 19:41:16', NULL),
	(10, 2, 'Chinese', 'uploads/media/supplemental/Chinese.png', 'uploads/media/supplemental/strips/Chinese.png', '', '', 1, '2022-08-18 19:50:35', '2022-08-18 19:53:02', NULL),
	(11, 2, 'Coffee', 'uploads/media/supplemental/Coffee.png', 'uploads/media/supplemental/strips/Coffee.png', '', '', 1, '2022-08-18 19:50:45', '2022-08-18 19:53:09', NULL),
	(12, 2, 'Dim Sum', 'uploads/media/supplemental/Dimsum.png', 'uploads/media/supplemental/strips/Dimsum.png', '', '', 1, '2022-08-18 19:50:56', '2022-08-18 19:53:16', NULL),
	(13, 2, 'Donut', 'uploads/media/supplemental/Donut.png', 'uploads/media/supplemental/strips/Donut.png', '', '', 1, '2022-08-18 19:51:06', '2022-08-18 19:53:23', NULL),
	(14, 2, 'European', 'uploads/media/supplemental/European.png', 'uploads/media/supplemental/strips/European.png', '', '', 1, '2022-08-18 19:51:21', '2022-08-18 19:53:30', NULL),
	(15, 2, 'Filipino', 'uploads/media/supplemental/Filipino.png', 'uploads/media/supplemental/strips/Filipino.png', '', '', 1, '2022-08-18 19:51:31', '2022-08-18 19:53:38', NULL),
	(16, 2, 'French', 'uploads/media/supplemental/French.png', 'uploads/media/supplemental/strips/French.png', '', '', 1, '2022-08-18 19:51:40', '2022-08-18 19:53:58', NULL),
	(17, 2, 'Grilled', 'uploads/media/supplemental/Grilled.png', 'uploads/media/supplemental/strips/Grilled.png', '', '', 1, '2022-08-18 19:51:49', '2022-08-18 19:53:51', NULL),
	(18, 2, 'Halal', 'uploads/media/supplemental/Halal.png', 'uploads/media/supplemental/strips/Halal.png', '', '', 1, '2022-08-18 19:51:59', '2022-08-18 19:54:05', NULL),
	(19, 2, 'Ice Cream', 'uploads/media/supplemental/Ice-Cream.png', 'uploads/media/supplemental/strips/Ice-Cream.png', '', '', 1, '2022-08-18 19:52:13', '2022-08-18 19:54:12', NULL),
	(20, 2, 'Indian', 'uploads/media/supplemental/Indian.png', 'uploads/media/supplemental/strips/Indian.png', '', '', 1, '2022-08-18 19:52:25', '2022-08-18 19:54:19', NULL),
	(21, 2, 'Italian', 'uploads/media/supplemental/Italian.png', 'uploads/media/supplemental/strips/Italian.png', '', '', 1, '2022-08-18 19:52:37', '2022-08-18 19:54:26', NULL),
	(22, 2, 'Japanese', 'uploads/media/supplemental/Japanese.png', 'uploads/media/supplemental/strips/Japanese.png', '', '', 1, '2022-08-18 19:52:49', '2022-08-18 19:54:36', NULL),
	(23, 2, 'Juices & Shakes', 'uploads/media/supplemental/Juices-&-Shakes.png', 'uploads/media/supplemental/strips/Juices-&-Shakes.png', '', '', 1, '2022-08-18 19:59:51', '2022-08-18 21:10:44', NULL),
	(24, 2, 'Korean', 'uploads/media/supplemental/Korean.png', 'uploads/media/supplemental/strips/Korean.png', '', '', 1, '2022-08-18 20:27:46', '2022-08-18 21:10:51', NULL),
	(25, 2, 'Lechon', 'uploads/media/supplemental/Lechon.png', 'uploads/media/supplemental/strips/Lechon.png', '', '', 1, '2022-08-18 20:28:04', '2022-08-18 21:10:59', NULL),
	(26, 2, 'Liquor', 'uploads/media/supplemental/Liquor.png', 'uploads/media/supplemental/strips/Liquor2.png', '', '', 1, '2022-08-18 20:28:16', '2022-08-18 21:11:16', NULL),
	(27, 2, 'Mediterranean', 'uploads/media/supplemental/Mediterranean1.png', 'uploads/media/supplemental/strips/Mediterranean1.png', '', '', 1, '2022-08-18 20:28:27', '2022-08-18 21:11:24', NULL),
	(28, 2, 'Merienda', 'uploads/media/supplemental/Merienda.png', 'uploads/media/supplemental/strips/Merienda.png', '', '', 1, '2022-08-18 21:08:42', '2022-08-18 21:11:32', NULL),
	(29, 2, 'Mexican', 'uploads/media/supplemental/Mexican.png', 'uploads/media/supplemental/strips/Mexican.png', '', '', 1, '2022-08-18 21:08:53', '2022-08-18 21:11:40', NULL),
	(30, 2, 'Milktea', 'uploads/media/supplemental/Milktea.png', 'uploads/media/supplemental/strips/Milk-TEA.png', '', '', 1, '2022-08-18 21:09:05', '2022-08-18 21:11:49', NULL),
	(31, 2, 'Noodles', 'uploads/media/supplemental/Noodles.png', 'uploads/media/supplemental/strips/Noodles.png', '', '', 1, '2022-08-18 21:09:16', '2022-08-18 21:11:57', NULL),
	(32, 2, 'Pasta', 'uploads/media/supplemental/Pasta.png', 'uploads/media/supplemental/strips/Pasta.png', '', '', 1, '2022-08-18 21:09:30', '2022-08-18 21:12:06', NULL),
	(33, 2, 'Pizza', 'uploads/media/supplemental/Pizza.png', 'uploads/media/supplemental/strips/Pizza.png', '', '', 1, '2022-08-18 21:09:43', '2022-08-18 21:12:14', NULL),
	(34, 2, 'Pork', 'uploads/media/supplemental/Pork.png', 'uploads/media/supplemental/strips/Pork.png', '', '', 1, '2022-08-18 21:10:04', '2022-08-18 21:12:27', NULL),
	(35, 2, 'Roasted', 'uploads/media/supplemental/Roasted.png', 'uploads/media/supplemental/strips/Roasted.png', '', '', 1, '2022-08-18 21:10:19', '2022-08-18 21:12:35', NULL),
	(36, 2, 'Sandwich', 'uploads/media/supplemental/Sandwich.png', 'uploads/media/supplemental/strips/Sandwich.png', '', '', 1, '2022-08-18 21:36:30', '2022-08-18 21:41:24', NULL),
	(37, 2, 'Seafood', 'uploads/media/supplemental/Seafood.png', 'uploads/media/supplemental/strips/Seafood.png', '', '', 1, '2022-08-18 21:36:45', '2022-08-18 21:41:31', NULL),
	(38, 2, 'Singaporean', 'uploads/media/supplemental/Singaporean.png', 'uploads/media/supplemental/strips/Singaporean.png', '', '', 1, '2022-08-18 21:36:59', '2022-08-18 21:41:38', NULL),
	(39, 2, 'Sisig', 'uploads/media/supplemental/Sisig.png', 'uploads/media/supplemental/strips/Sisig.png', '', '', 1, '2022-08-18 21:37:09', '2022-08-18 21:41:44', NULL),
	(40, 2, 'Soup', 'uploads/media/supplemental/Soup.png', 'uploads/media/supplemental/strips/Soup.png', '', '', 1, '2022-08-18 21:37:18', '2022-08-18 21:41:50', NULL),
	(41, 2, 'Spanish', 'uploads/media/supplemental/Spanish.png', 'uploads/media/supplemental/strips/Spanish.png', '', '', 1, '2022-08-18 21:37:31', '2022-08-18 21:41:57', NULL),
	(42, 2, 'Steak', 'uploads/media/supplemental/Steak.png', 'uploads/media/supplemental/strips/Steak.png', '', '', 1, '2022-08-18 21:37:41', '2022-08-18 21:42:03', NULL),
	(43, 2, 'Sushi', 'uploads/media/supplemental/Sushi.png', 'uploads/media/supplemental/strips/Sushi.png', '', '', 1, '2022-08-18 21:37:54', '2022-08-18 21:42:09', NULL),
	(44, 2, 'Thai', 'uploads/media/supplemental/Thai.png', 'uploads/media/supplemental/strips/Thai.png', '', '', 1, '2022-08-18 21:38:03', '2022-08-18 21:42:15', NULL),
	(45, 2, 'Vegetarian', 'uploads/media/supplemental/Vegetarian.png', 'uploads/media/supplemental/strips/Vegetarian.png', '', '', 1, '2022-08-18 21:38:19', '2022-08-18 21:42:21', NULL),
	(46, 2, 'Vietnamese', 'uploads/media/supplemental/Vietnamese.png', 'uploads/media/supplemental/strips/Vietnamese.png', '', '', 1, '2022-08-18 21:38:31', '2022-08-18 21:42:26', NULL),
	(47, 1, 'Activewear', 'uploads/media/supplemental/Activewear.png', 'uploads/media/supplemental/strips/Activewear.png', '', '', 1, '2022-08-18 21:45:28', '2022-08-18 21:48:29', NULL),
	(48, 1, 'Backpack', 'uploads/media/supplemental/Backpack.png', 'uploads/media/supplemental/strips/Backpack.png', '', '', 1, '2022-08-18 21:45:37', '2022-08-18 21:48:36', NULL),
	(49, 1, 'Bags', 'uploads/media/supplemental/Bags.png', 'uploads/media/supplemental/strips/Bags.png', '', '', 1, '2022-08-18 21:45:44', '2022-08-18 21:48:42', NULL),
	(50, 1, 'Belt', 'uploads/media/supplemental/Belt.png', 'uploads/media/supplemental/strips/Belt.png', '', '', 1, '2022-08-18 21:45:52', '2022-08-18 21:48:48', NULL),
	(51, 1, 'Boots', 'uploads/media/supplemental/Boots.png', 'uploads/media/supplemental/strips/Boots.png', '', '', 1, '2022-08-18 21:46:01', '2022-08-18 21:48:54', NULL),
	(52, 1, 'Business Attire', 'uploads/media/supplemental/Business-Attire.png', 'uploads/media/supplemental/strips/Business-Attire.png', '', '', 1, '2022-08-18 21:46:10', '2022-08-18 21:49:02', NULL),
	(53, 1, 'Casual', 'uploads/media/supplemental/Casual.png', 'uploads/media/supplemental/strips/Casual.png', '', '', 1, '2022-08-18 21:46:19', '2022-08-18 21:49:08', NULL),
	(54, 1, 'Coat & Tie', 'uploads/media/supplemental/Coat-&-Tie.png', 'uploads/media/supplemental/strips/Coat-&-Tie.png', '', '', 1, '2022-08-18 21:46:27', '2022-08-18 21:49:14', NULL),
	(55, 1, 'Denim', 'uploads/media/supplemental/Denim.png', 'uploads/media/supplemental/strips/Denim.png', '', '', 1, '2022-08-18 21:46:35', '2022-08-18 21:49:19', NULL),
	(56, 1, 'Designer', 'uploads/media/supplemental/Designer.png', 'uploads/media/supplemental/strips/Designer.png', '', '', 1, '2022-08-18 21:46:44', '2022-08-18 21:49:25', NULL),
	(57, 1, 'Dress', 'uploads/media/supplemental/Dress.png', 'uploads/media/supplemental/strips/Dress.png', '', '', 1, '2022-08-18 21:47:36', '2022-08-18 21:49:31', NULL),
	(58, 1, 'Eyewear', 'uploads/media/supplemental/Eyewear.png', 'uploads/media/supplemental/strips/Eyewear.png', '', '', 1, '2022-08-18 21:48:05', '2022-08-18 21:49:37', NULL),
	(59, 1, 'Flats', 'uploads/media/supplemental/Flats.png', 'uploads/media/supplemental/strips/Flats.png', '', '', 1, '2022-08-18 21:48:16', '2022-08-18 21:49:55', NULL);

-- Dumping structure for table prestige.tags
DROP TABLE IF EXISTS `tags`;
CREATE TABLE IF NOT EXISTS `tags` (
  `id` bigint(20) unsigned NOT NULL AUTO_INCREMENT,
  `name` varchar(191) COLLATE utf8mb4_unicode_ci NOT NULL,
  `active` tinyint(1) NOT NULL DEFAULT '1',
  `created_at` timestamp NULL DEFAULT NULL,
  `updated_at` timestamp NULL DEFAULT NULL,
  `deleted_at` timestamp NULL DEFAULT NULL,
  PRIMARY KEY (`id`),
  KEY `tags_deleted_at_index` (`deleted_at`)
) ENGINE=InnoDB AUTO_INCREMENT=947 DEFAULT CHARSET=utf8mb4 COLLATE=utf8mb4_unicode_ci;

-- Dumping data for table prestige.tags: ~946 rows (approximately)
INSERT INTO `tags` (`id`, `name`, `active`, `created_at`, `updated_at`, `deleted_at`) VALUES
	(1, 'A&w', 1, '2022-08-22 18:35:37', '2022-08-22 18:35:37', NULL),
	(2, 'A4tech', 1, '2022-08-22 18:35:37', '2022-08-22 18:35:37', NULL),
	(3, 'Accessories', 1, '2022-08-22 18:35:37', '2022-08-22 18:35:37', NULL),
	(4, 'Acen', 1, '2022-08-22 18:35:37', '2022-08-22 18:35:37', NULL),
	(5, 'Acer', 1, '2022-08-22 18:35:37', '2022-08-22 18:35:37', NULL),
	(6, 'Acne', 1, '2022-08-22 18:35:37', '2022-08-22 18:35:37', NULL),
	(7, 'Action', 1, '2022-08-22 18:35:37', '2022-08-22 18:35:37', NULL),
	(8, 'Active', 1, '2022-08-22 18:35:37', '2022-08-22 18:35:37', NULL),
	(9, 'Activewear', 1, '2022-08-22 18:35:37', '2022-08-22 18:35:37', NULL),
	(10, 'Adam', 1, '2022-08-22 18:35:37', '2022-08-22 18:35:37', NULL),
	(11, 'Adapter', 1, '2022-08-22 18:35:37', '2022-08-22 18:35:37', NULL),
	(12, 'Adhesive', 1, '2022-08-22 18:35:37', '2022-08-22 18:35:37', NULL),
	(13, 'Adi', 1, '2022-08-22 18:35:37', '2022-08-22 18:35:37', NULL),
	(14, 'Adias', 1, '2022-08-22 18:35:37', '2022-08-22 18:35:37', NULL),
	(15, 'Adidas', 1, '2022-08-22 18:35:37', '2022-08-22 18:35:37', NULL),
	(16, 'Adobe', 1, '2022-08-22 18:35:37', '2022-08-22 18:35:37', NULL),
	(17, 'Adobo', 1, '2022-08-22 18:35:37', '2022-08-22 18:35:37', NULL),
	(18, 'Adventure', 1, '2022-08-22 18:35:37', '2022-08-22 18:35:37', NULL),
	(19, 'Aftershokz', 1, '2022-08-22 18:35:37', '2022-08-22 18:35:37', NULL),
	(20, 'Air', 1, '2022-08-22 18:35:37', '2022-08-22 18:35:37', NULL),
	(21, 'Airheads', 1, '2022-08-22 18:35:37', '2022-08-22 18:35:37', NULL),
	(22, 'Albanese', 1, '2022-08-22 18:35:37', '2022-08-22 18:35:37', NULL),
	(23, 'Alcon', 1, '2022-08-22 18:35:37', '2022-08-22 18:35:37', NULL),
	(24, 'Alto', 1, '2022-08-22 18:35:37', '2022-08-22 18:35:37', NULL),
	(25, 'Amd', 1, '2022-08-22 18:35:37', '2022-08-22 18:35:37', NULL),
	(26, 'America', 1, '2022-08-22 18:35:37', '2022-08-22 18:35:37', NULL),
	(27, 'American', 1, '2022-08-22 18:35:37', '2022-08-22 18:35:37', NULL),
	(28, 'Amusement', 1, '2022-08-22 18:35:37', '2022-08-22 18:35:37', NULL),
	(29, 'And', 1, '2022-08-22 18:35:37', '2022-08-22 18:35:37', NULL),
	(30, 'Anklet', 1, '2022-08-22 18:35:37', '2022-08-22 18:35:37', NULL),
	(31, 'Anne', 1, '2022-08-22 18:35:37', '2022-08-22 18:35:37', NULL),
	(32, 'Anti-aging', 1, '2022-08-22 18:35:37', '2022-08-22 18:35:37', NULL),
	(33, 'Aoc', 1, '2022-08-22 18:35:37', '2022-08-22 18:35:37', NULL),
	(34, 'Aojo', 1, '2022-08-22 18:35:37', '2022-08-22 18:35:37', NULL),
	(35, 'Apacer', 1, '2022-08-22 18:35:37', '2022-08-22 18:35:37', NULL),
	(36, 'Apc', 1, '2022-08-22 18:35:37', '2022-08-22 18:35:37', NULL),
	(37, 'Apparel', 1, '2022-08-22 18:35:37', '2022-08-22 18:35:37', NULL),
	(38, 'Appetizer', 1, '2022-08-22 18:35:37', '2022-08-22 18:35:37', NULL),
	(39, 'Apple', 1, '2022-08-22 18:35:37', '2022-08-22 18:35:37', NULL),
	(40, 'Arophone', 1, '2022-08-22 18:35:37', '2022-08-22 18:35:37', NULL),
	(41, 'Around', 1, '2022-08-22 18:35:37', '2022-08-22 18:35:37', NULL),
	(42, 'Around-the-clock', 1, '2022-08-22 18:35:37', '2022-08-22 18:35:37', NULL),
	(43, 'Art', 1, '2022-08-22 18:35:37', '2022-08-22 18:35:37', NULL),
	(44, 'Asian', 1, '2022-08-22 18:35:37', '2022-08-22 18:35:37', NULL),
	(45, 'Asos', 1, '2022-08-22 18:35:37', '2022-08-22 18:35:37', NULL),
	(46, 'Asus', 1, '2022-08-22 18:35:37', '2022-08-22 18:35:37', NULL),
	(47, 'Atm', 1, '2022-08-22 18:35:37', '2022-08-22 18:35:37', NULL),
	(48, 'Audio', 1, '2022-08-22 18:35:37', '2022-08-22 18:35:37', NULL),
	(49, 'Auto', 1, '2022-08-22 18:35:37', '2022-08-22 18:35:37', NULL),
	(50, 'Automotive', 1, '2022-08-22 18:35:37', '2022-08-22 18:35:37', NULL),
	(51, 'Avene', 1, '2022-08-22 18:35:37', '2022-08-22 18:35:37', NULL),
	(52, 'Babin', 1, '2022-08-22 18:35:37', '2022-08-22 18:35:37', NULL),
	(53, 'Baby', 1, '2022-08-22 18:35:37', '2022-08-22 18:35:37', NULL),
	(54, 'Back', 1, '2022-08-22 18:35:37', '2022-08-22 18:35:37', NULL),
	(55, 'Backpack', 1, '2022-08-22 18:35:37', '2022-08-22 18:35:37', NULL),
	(56, 'Bags', 1, '2022-08-22 18:35:37', '2022-08-22 18:35:37', NULL),
	(57, 'Banco', 1, '2022-08-22 18:35:37', '2022-08-22 18:35:37', NULL),
	(58, 'Bangles', 1, '2022-08-22 18:35:37', '2022-08-22 18:35:37', NULL),
	(59, 'Banking', 1, '2022-08-22 18:35:37', '2022-08-22 18:35:37', NULL),
	(60, 'Banks', 1, '2022-08-22 18:35:37', '2022-08-22 18:35:37', NULL),
	(61, 'Barb', 1, '2022-08-22 18:35:37', '2022-08-22 18:35:37', NULL),
	(62, 'Barbecue', 1, '2022-08-22 18:35:37', '2022-08-22 18:35:37', NULL),
	(63, 'Barbershop', 1, '2022-08-22 18:35:37', '2022-08-22 18:35:37', NULL),
	(64, 'Barkada', 1, '2022-08-22 18:35:37', '2022-08-22 18:35:37', NULL),
	(65, 'Basketball', 1, '2022-08-22 18:35:37', '2022-08-22 18:35:37', NULL),
	(66, 'Bath', 1, '2022-08-22 18:35:37', '2022-08-22 18:35:37', NULL),
	(67, 'Battery', 1, '2022-08-22 18:35:37', '2022-08-22 18:35:37', NULL),
	(68, 'Bdo', 1, '2022-08-22 18:35:37', '2022-08-22 18:35:37', NULL),
	(69, 'Beauty', 1, '2022-08-22 18:35:37', '2022-08-22 18:35:37', NULL),
	(70, 'Bed', 1, '2022-08-22 18:35:37', '2022-08-22 18:35:37', NULL),
	(71, 'Bedroom', 1, '2022-08-22 18:35:37', '2022-08-22 18:35:37', NULL),
	(72, 'Bee', 1, '2022-08-22 18:35:37', '2022-08-22 18:35:37', NULL),
	(73, 'Beef', 1, '2022-08-22 18:35:37', '2022-08-22 18:35:37', NULL),
	(74, 'Beer', 1, '2022-08-22 18:35:37', '2022-08-22 18:35:37', NULL),
	(75, 'Before', 1, '2022-08-22 18:35:37', '2022-08-22 18:35:37', NULL),
	(76, 'Belkin', 1, '2022-08-22 18:35:37', '2022-08-22 18:35:37', NULL),
	(77, 'Belle', 1, '2022-08-22 18:35:37', '2022-08-22 18:35:37', NULL),
	(78, 'Belly', 1, '2022-08-22 18:35:37', '2022-08-22 18:35:37', NULL),
	(79, 'Belt', 1, '2022-08-22 18:35:37', '2022-08-22 18:35:37', NULL),
	(80, 'Benq', 1, '2022-08-22 18:35:37', '2022-08-22 18:35:37', NULL),
	(81, 'Berity', 1, '2022-08-22 18:35:37', '2022-08-22 18:35:37', NULL),
	(82, 'Beverages', 1, '2022-08-22 18:35:37', '2022-08-22 18:35:37', NULL),
	(83, 'Bible', 1, '2022-08-22 18:35:37', '2022-08-22 18:35:37', NULL),
	(84, 'Bibys', 1, '2022-08-22 18:35:37', '2022-08-22 18:35:37', NULL),
	(85, 'Big', 1, '2022-08-22 18:35:37', '2022-08-22 18:35:37', NULL),
	(86, 'Bigby\'s', 1, '2022-08-22 18:35:37', '2022-08-22 18:35:37', NULL),
	(87, 'Bigg\'s', 1, '2022-08-22 18:35:37', '2022-08-22 18:35:37', NULL),
	(88, 'Biggies', 1, '2022-08-22 18:35:37', '2022-08-22 18:35:37', NULL),
	(89, 'Biggs', 1, '2022-08-22 18:35:37', '2022-08-22 18:35:37', NULL),
	(90, 'Bikini', 1, '2022-08-22 18:35:37', '2022-08-22 18:35:37', NULL),
	(91, 'Bills', 1, '2022-08-22 18:35:37', '2022-08-22 18:35:37', NULL),
	(92, 'Biostar', 1, '2022-08-22 18:35:37', '2022-08-22 18:35:37', NULL),
	(93, 'Bk', 1, '2022-08-22 18:35:37', '2022-08-22 18:35:37', NULL),
	(94, 'Black', 1, '2022-08-22 18:35:37', '2022-08-22 18:35:37', NULL),
	(95, 'Bleach', 1, '2022-08-22 18:35:37', '2022-08-22 18:35:37', NULL),
	(96, 'Blue', 1, '2022-08-22 18:35:37', '2022-08-22 18:35:37', NULL),
	(97, 'Bluetooth', 1, '2022-08-22 18:35:37', '2022-08-22 18:35:37', NULL),
	(98, 'Body', 1, '2022-08-22 18:35:37', '2022-08-22 18:35:37', NULL),
	(99, 'Boneless', 1, '2022-08-22 18:35:37', '2022-08-22 18:35:37', NULL),
	(100, 'Book', 1, '2022-08-22 18:35:37', '2022-08-22 18:35:37', NULL),
	(101, 'Booking', 1, '2022-08-22 18:35:37', '2022-08-22 18:35:37', NULL),
	(102, 'Books', 1, '2022-08-22 18:35:37', '2022-08-22 18:35:37', NULL),
	(103, 'Bos', 1, '2022-08-22 18:35:37', '2022-08-22 18:35:37', NULL),
	(104, 'Bose', 1, '2022-08-22 18:35:37', '2022-08-22 18:35:37', NULL),
	(105, 'Boss', 1, '2022-08-22 18:35:37', '2022-08-22 18:35:37', NULL),
	(106, 'Botejju', 1, '2022-08-22 18:35:37', '2022-08-22 18:35:37', NULL),
	(107, 'Boteju', 1, '2022-08-22 18:35:37', '2022-08-22 18:35:37', NULL),
	(108, 'Botejyu', 1, '2022-08-22 18:35:37', '2022-08-22 18:35:37', NULL),
	(109, 'Botox', 1, '2022-08-22 18:35:37', '2022-08-22 18:35:37', NULL),
	(110, 'Br', 1, '2022-08-22 18:35:37', '2022-08-22 18:35:37', NULL),
	(111, 'Bracelet', 1, '2022-08-22 18:35:37', '2022-08-22 18:35:37', NULL),
	(112, 'Brady', 1, '2022-08-22 18:35:37', '2022-08-22 18:35:37', NULL),
	(113, 'Brazilian', 1, '2022-08-22 18:35:37', '2022-08-22 18:35:37', NULL),
	(114, 'Bread', 1, '2022-08-22 18:35:37', '2022-08-22 18:35:37', NULL),
	(115, 'Breakfast', 1, '2022-08-22 18:35:37', '2022-08-22 18:35:37', NULL),
	(116, 'Broa', 1, '2022-08-22 18:35:37', '2022-08-22 18:35:37', NULL),
	(117, 'Broadband', 1, '2022-08-22 18:35:37', '2022-08-22 18:35:37', NULL),
	(118, 'Brooch', 1, '2022-08-22 18:35:37', '2022-08-22 18:35:37', NULL),
	(119, 'Brother', 1, '2022-08-22 18:35:37', '2022-08-22 18:35:37', NULL),
	(120, 'Brownie', 1, '2022-08-22 18:35:37', '2022-08-22 18:35:37', NULL),
	(121, 'Brownies', 1, '2022-08-22 18:35:37', '2022-08-22 18:35:37', NULL),
	(122, 'Brownis', 1, '2022-08-22 18:35:37', '2022-08-22 18:35:37', NULL),
	(123, 'Brownys', 1, '2022-08-22 18:35:37', '2022-08-22 18:35:37', NULL),
	(124, 'Bubble', 1, '2022-08-22 18:35:37', '2022-08-22 18:35:37', NULL),
	(125, 'Bulova', 1, '2022-08-22 18:35:37', '2022-08-22 18:35:37', NULL),
	(126, 'Burger', 1, '2022-08-22 18:35:37', '2022-08-22 18:35:37', NULL),
	(127, 'Business', 1, '2022-08-22 18:35:37', '2022-08-22 18:35:37', NULL),
	(128, 'Cable', 1, '2022-08-22 18:35:37', '2022-08-22 18:35:37', NULL),
	(129, 'Cables', 1, '2022-08-22 18:35:37', '2022-08-22 18:35:37', NULL),
	(130, 'Cafe', 1, '2022-08-22 18:35:37', '2022-08-22 18:35:37', NULL),
	(131, 'Cake', 1, '2022-08-22 18:35:37', '2022-08-22 18:35:37', NULL),
	(132, 'Calcula', 1, '2022-08-22 18:35:37', '2022-08-22 18:35:37', NULL),
	(133, 'Calendar', 1, '2022-08-22 18:35:37', '2022-08-22 18:35:37', NULL),
	(134, 'Candy', 1, '2022-08-22 18:35:37', '2022-08-22 18:35:37', NULL),
	(135, 'Canon', 1, '2022-08-22 18:35:37', '2022-08-22 18:35:37', NULL),
	(136, 'Cap', 1, '2022-08-22 18:35:37', '2022-08-22 18:35:37', NULL),
	(137, 'Capdase', 1, '2022-08-22 18:35:37', '2022-08-22 18:35:37', NULL),
	(138, 'Cappuccino', 1, '2022-08-22 18:35:37', '2022-08-22 18:35:37', NULL),
	(139, 'Capri', 1, '2022-08-22 18:35:37', '2022-08-22 18:35:37', NULL),
	(140, 'Car', 1, '2022-08-22 18:35:37', '2022-08-22 18:35:37', NULL),
	(141, 'Carbonara', 1, '2022-08-22 18:35:37', '2022-08-22 18:35:37', NULL),
	(142, 'Cardigan', 1, '2022-08-22 18:35:37', '2022-08-22 18:35:37', NULL),
	(143, 'Casa', 1, '2022-08-22 18:35:37', '2022-08-22 18:35:37', NULL),
	(144, 'Case', 1, '2022-08-22 18:35:37', '2022-08-22 18:35:37', NULL),
	(145, 'Case.', 1, '2022-08-22 18:35:37', '2022-08-22 18:35:37', NULL),
	(146, 'Cash', 1, '2022-08-22 18:35:37', '2022-08-22 18:35:37', NULL),
	(147, 'Casio', 1, '2022-08-22 18:35:37', '2022-08-22 18:35:37', NULL),
	(148, 'Casual', 1, '2022-08-22 18:35:37', '2022-08-22 18:35:37', NULL),
	(149, 'Cath', 1, '2022-08-22 18:35:37', '2022-08-22 18:35:37', NULL),
	(150, 'Cbtl', 1, '2022-08-22 18:35:37', '2022-08-22 18:35:37', NULL),
	(151, 'Cell', 1, '2022-08-22 18:35:37', '2022-08-22 18:35:37', NULL),
	(152, 'Cellphone', 1, '2022-08-22 18:35:37', '2022-08-22 18:35:37', NULL),
	(153, 'Ceroflex', 1, '2022-08-22 18:35:37', '2022-08-22 18:35:37', NULL),
	(154, 'Cerruti', 1, '2022-08-22 18:35:37', '2022-08-22 18:35:37', NULL),
	(155, 'Certina', 1, '2022-08-22 18:35:37', '2022-08-22 18:35:37', NULL),
	(156, 'Chair', 1, '2022-08-22 18:35:37', '2022-08-22 18:35:37', NULL),
	(157, 'Charger', 1, '2022-08-22 18:35:37', '2022-08-22 18:35:37', NULL),
	(158, 'Charm', 1, '2022-08-22 18:35:37', '2022-08-22 18:35:37', NULL),
	(159, 'Check', 1, '2022-08-22 18:35:37', '2022-08-22 18:35:37', NULL),
	(160, 'Cherry', 1, '2022-08-22 18:35:37', '2022-08-22 18:35:37', NULL),
	(161, 'Chicken', 1, '2022-08-22 18:35:37', '2022-08-22 18:35:37', NULL),
	(162, 'Chickennnn', 1, '2022-08-22 18:35:37', '2022-08-22 18:35:37', NULL),
	(163, 'Chidren\'s', 1, '2022-08-22 18:35:37', '2022-08-22 18:35:37', NULL),
	(164, 'Children\'s', 1, '2022-08-22 18:35:37', '2022-08-22 18:35:37', NULL),
	(165, 'Children\\\'s', 1, '2022-08-22 18:35:37', '2022-08-22 18:35:37', NULL),
	(166, 'Chinese', 1, '2022-08-22 18:35:37', '2022-08-22 18:35:37', NULL),
	(167, 'Chip', 1, '2022-08-22 18:35:37', '2022-08-22 18:35:37', NULL),
	(168, 'Chips', 1, '2022-08-22 18:35:37', '2022-08-22 18:35:37', NULL),
	(169, 'Chobee', 1, '2022-08-22 18:35:37', '2022-08-22 18:35:37', NULL),
	(170, 'Chobi', 1, '2022-08-22 18:35:37', '2022-08-22 18:35:37', NULL),
	(171, 'Chocolate', 1, '2022-08-22 18:35:37', '2022-08-22 18:35:37', NULL),
	(172, 'Choobee', 1, '2022-08-22 18:35:37', '2022-08-22 18:35:37', NULL),
	(173, 'Chow', 1, '2022-08-22 18:35:37', '2022-08-22 18:35:37', NULL),
	(174, 'Chronnos', 1, '2022-08-22 18:35:37', '2022-08-22 18:35:37', NULL),
	(175, 'Chrono', 1, '2022-08-22 18:35:37', '2022-08-22 18:35:37', NULL),
	(176, 'Chubee', 1, '2022-08-22 18:35:37', '2022-08-22 18:35:37', NULL),
	(177, 'Chubi', 1, '2022-08-22 18:35:37', '2022-08-22 18:35:37', NULL),
	(178, 'Chunky', 1, '2022-08-22 18:35:37', '2022-08-22 18:35:37', NULL),
	(179, 'Cinema', 1, '2022-08-22 18:35:37', '2022-08-22 18:35:37', NULL),
	(180, 'Cisco', 1, '2022-08-22 18:35:37', '2022-08-22 18:35:37', NULL),
	(181, 'Citizen', 1, '2022-08-22 18:35:37', '2022-08-22 18:35:37', NULL),
	(182, 'CK', 1, '2022-08-22 18:35:37', '2022-08-22 18:35:37', NULL),
	(183, 'Classico', 1, '2022-08-22 18:35:37', '2022-08-22 18:35:37', NULL),
	(184, 'Cleaning', 1, '2022-08-22 18:35:37', '2022-08-22 18:35:37', NULL),
	(185, 'Clinic', 1, '2022-08-22 18:35:37', '2022-08-22 18:35:37', NULL),
	(186, 'Clinics', 1, '2022-08-22 18:35:37', '2022-08-22 18:35:37', NULL),
	(187, 'Clothes', 1, '2022-08-22 18:35:37', '2022-08-22 18:35:37', NULL),
	(188, 'Clothing', 1, '2022-08-22 18:35:37', '2022-08-22 18:35:37', NULL),
	(189, 'Cloting', 1, '2022-08-22 18:35:37', '2022-08-22 18:35:37', NULL),
	(190, 'Co?s', 1, '2022-08-22 18:35:37', '2022-08-22 18:35:37', NULL),
	(191, 'Coat', 1, '2022-08-22 18:35:37', '2022-08-22 18:35:37', NULL),
	(192, 'Coca', 1, '2022-08-22 18:35:37', '2022-08-22 18:35:37', NULL),
	(193, 'Coca-cola', 1, '2022-08-22 18:35:37', '2022-08-22 18:35:37', NULL),
	(194, 'Coffee', 1, '2022-08-22 18:35:37', '2022-08-22 18:35:37', NULL),
	(195, 'Coke', 1, '2022-08-22 18:35:37', '2022-08-22 18:35:37', NULL),
	(196, 'Cola', 1, '2022-08-22 18:35:37', '2022-08-22 18:35:37', NULL),
	(197, 'Cold', 1, '2022-08-22 18:35:37', '2022-08-22 18:35:37', NULL),
	(198, 'Cologne', 1, '2022-08-22 18:35:37', '2022-08-22 18:35:37', NULL),
	(199, 'Color', 1, '2022-08-22 18:35:37', '2022-08-22 18:35:37', NULL),
	(200, 'Combo', 1, '2022-08-22 18:35:37', '2022-08-22 18:35:37', NULL),
	(201, 'Comedy', 1, '2022-08-22 18:35:37', '2022-08-22 18:35:37', NULL),
	(202, 'Comfort', 1, '2022-08-22 18:35:37', '2022-08-22 18:35:37', NULL),
	(203, 'Computer', 1, '2022-08-22 18:35:37', '2022-08-22 18:35:37', NULL),
	(204, 'Computers', 1, '2022-08-22 18:35:37', '2022-08-22 18:35:37', NULL),
	(205, 'Conaprole', 1, '2022-08-22 18:35:37', '2022-08-22 18:35:37', NULL),
	(206, 'Conditioner', 1, '2022-08-22 18:35:37', '2022-08-22 18:35:37', NULL),
	(207, 'Console', 1, '2022-08-22 18:35:37', '2022-08-22 18:35:37', NULL),
	(208, 'Consumer', 1, '2022-08-22 18:35:37', '2022-08-22 18:35:37', NULL),
	(209, 'Contact', 1, '2022-08-22 18:35:37', '2022-08-22 18:35:37', NULL),
	(210, 'Continental', 1, '2022-08-22 18:35:37', '2022-08-22 18:35:37', NULL),
	(211, 'Controller', 1, '2022-08-22 18:35:37', '2022-08-22 18:35:37', NULL),
	(212, 'Cookie', 1, '2022-08-22 18:35:37', '2022-08-22 18:35:37', NULL),
	(213, 'Cord', 1, '2022-08-22 18:35:37', '2022-08-22 18:35:37', NULL),
	(214, 'Cords', 1, '2022-08-22 18:35:37', '2022-08-22 18:35:37', NULL),
	(215, 'Corn', 1, '2022-08-22 18:35:37', '2022-08-22 18:35:37', NULL),
	(216, 'Corner', 1, '2022-08-22 18:35:37', '2022-08-22 18:35:37', NULL),
	(217, 'Corporate', 1, '2022-08-22 18:35:37', '2022-08-22 18:35:37', NULL),
	(218, 'Corsair', 1, '2022-08-22 18:35:37', '2022-08-22 18:35:37', NULL),
	(219, 'Cosmelan', 1, '2022-08-22 18:35:37', '2022-08-22 18:35:37', NULL),
	(220, 'Cpu', 1, '2022-08-22 18:35:37', '2022-08-22 18:35:37', NULL),
	(221, 'Craving', 1, '2022-08-22 18:35:37', '2022-08-22 18:35:37', NULL),
	(222, 'Cravings', 1, '2022-08-22 18:35:37', '2022-08-22 18:35:37', NULL),
	(223, 'Credit', 1, '2022-08-22 18:35:37', '2022-08-22 18:35:37', NULL),
	(224, 'Crispy', 1, '2022-08-22 18:35:37', '2022-08-22 18:35:37', NULL),
	(225, 'Cupcake', 1, '2022-08-22 18:35:37', '2022-08-22 18:35:37', NULL),
	(226, 'Custodio', 1, '2022-08-22 18:35:37', '2022-08-22 18:35:37', NULL),
	(227, 'Custom', 1, '2022-08-22 18:35:37', '2022-08-22 18:35:37', NULL),
	(228, 'Cuticle', 1, '2022-08-22 18:35:37', '2022-08-22 18:35:37', NULL),
	(229, 'D', 1, '2022-08-22 18:35:37', '2022-08-22 18:35:37', NULL),
	(230, 'D-link', 1, '2022-08-22 18:35:37', '2022-08-22 18:35:37', NULL),
	(231, 'Daniel', 1, '2022-08-22 18:35:37', '2022-08-22 18:35:37', NULL),
	(232, 'Del', 1, '2022-08-22 18:35:37', '2022-08-22 18:35:37', NULL),
	(233, 'Delivery', 1, '2022-08-22 18:35:37', '2022-08-22 18:35:37', NULL),
	(234, 'Dell', 1, '2022-08-22 18:35:37', '2022-08-22 18:35:37', NULL),
	(235, 'Denim', 1, '2022-08-22 18:35:37', '2022-08-22 18:35:37', NULL),
	(236, 'Dental', 1, '2022-08-22 18:35:37', '2022-08-22 18:35:37', NULL),
	(237, 'Dentures', 1, '2022-08-22 18:35:37', '2022-08-22 18:35:37', NULL),
	(238, 'Deposit', 1, '2022-08-22 18:35:37', '2022-08-22 18:35:37', NULL),
	(239, 'Derm', 1, '2022-08-22 18:35:37', '2022-08-22 18:35:37', NULL),
	(240, 'Derma', 1, '2022-08-22 18:35:37', '2022-08-22 18:35:37', NULL),
	(241, 'Dermacircle', 1, '2022-08-22 18:35:37', '2022-08-22 18:35:37', NULL),
	(242, 'Dermcircle', 1, '2022-08-22 18:35:37', '2022-08-22 18:35:37', NULL),
	(243, 'Design', 1, '2022-08-22 18:35:37', '2022-08-22 18:35:37', NULL),
	(244, 'Dessert', 1, '2022-08-22 18:35:37', '2022-08-22 18:35:37', NULL),
	(245, 'Desserts', 1, '2022-08-22 18:35:37', '2022-08-22 18:35:37', NULL),
	(246, 'Detoxify', 1, '2022-08-22 18:35:37', '2022-08-22 18:35:37', NULL),
	(247, 'Diamond', 1, '2022-08-22 18:35:37', '2022-08-22 18:35:37', NULL),
	(248, 'Dictionary', 1, '2022-08-22 18:35:37', '2022-08-22 18:35:37', NULL),
	(249, 'Digital', 1, '2022-08-22 18:35:37', '2022-08-22 18:35:37', NULL),
	(250, 'Dimsum', 1, '2022-08-22 18:35:37', '2022-08-22 18:35:37', NULL),
	(251, 'Dine', 1, '2022-08-22 18:35:37', '2022-08-22 18:35:37', NULL),
	(252, 'Ding', 1, '2022-08-22 18:35:37', '2022-08-22 18:35:37', NULL),
	(253, 'Dining', 1, '2022-08-22 18:35:37', '2022-08-22 18:35:37', NULL),
	(254, 'Dinner', 1, '2022-08-22 18:35:37', '2022-08-22 18:35:37', NULL),
	(255, 'Diode', 1, '2022-08-22 18:35:37', '2022-08-22 18:35:37', NULL),
	(256, 'Display', 1, '2022-08-22 18:35:37', '2022-08-22 18:35:37', NULL),
	(257, 'Doll', 1, '2022-08-22 18:35:37', '2022-08-22 18:35:37', NULL),
	(258, 'Dolls', 1, '2022-08-22 18:35:37', '2022-08-22 18:35:37', NULL),
	(259, 'Domestic', 1, '2022-08-22 18:35:37', '2022-08-22 18:35:37', NULL),
	(260, 'Donut', 1, '2022-08-22 18:35:37', '2022-08-22 18:35:37', NULL),
	(261, 'Door', 1, '2022-08-22 18:35:37', '2022-08-22 18:35:37', NULL),
	(262, 'Dosmetic', 1, '2022-08-22 18:35:37', '2022-08-22 18:35:37', NULL),
	(263, 'Doughnut', 1, '2022-08-22 18:35:37', '2022-08-22 18:35:37', NULL),
	(264, 'Drama', 1, '2022-08-22 18:35:37', '2022-08-22 18:35:37', NULL),
	(265, 'Drawing', 1, '2022-08-22 18:35:37', '2022-08-22 18:35:37', NULL),
	(266, 'Dress', 1, '2022-08-22 18:35:37', '2022-08-22 18:35:37', NULL),
	(267, 'Dri-fit', 1, '2022-08-22 18:35:37', '2022-08-22 18:35:37', NULL),
	(268, 'Drinks', 1, '2022-08-22 18:35:37', '2022-08-22 18:35:37', NULL),
	(269, 'Dvd', 1, '2022-08-22 18:35:37', '2022-08-22 18:35:37', NULL),
	(270, 'Dynamic', 1, '2022-08-22 18:35:37', '2022-08-22 18:35:37', NULL),
	(271, 'Earphone', 1, '2022-08-22 18:35:37', '2022-08-22 18:35:37', NULL),
	(272, 'Earphones', 1, '2022-08-22 18:35:37', '2022-08-22 18:35:37', NULL),
	(273, 'Earrings', 1, '2022-08-22 18:35:37', '2022-08-22 18:35:37', NULL),
	(274, 'Eat', 1, '2022-08-22 18:35:37', '2022-08-22 18:35:37', NULL),
	(275, 'Edox', 1, '2022-08-22 18:35:37', '2022-08-22 18:35:37', NULL),
	(276, 'Eight', 1, '2022-08-22 18:35:37', '2022-08-22 18:35:37', NULL),
	(277, 'Electrical', 1, '2022-08-22 18:35:37', '2022-08-22 18:35:37', NULL),
	(278, 'Electro', 1, '2022-08-22 18:35:37', '2022-08-22 18:35:37', NULL),
	(279, 'Electroni', 1, '2022-08-22 18:35:37', '2022-08-22 18:35:37', NULL),
	(280, 'Electronics', 1, '2022-08-22 18:35:37', '2022-08-22 18:35:37', NULL),
	(281, 'Embroidery', 1, '2022-08-22 18:35:37', '2022-08-22 18:35:37', NULL),
	(282, 'Emerald', 1, '2022-08-22 18:35:37', '2022-08-22 18:35:37', NULL),
	(283, 'Engagement', 1, '2022-08-22 18:35:37', '2022-08-22 18:35:37', NULL),
	(284, 'Entertainment', 1, '2022-08-22 18:35:37', '2022-08-22 18:35:37', NULL),
	(285, 'Eo', 1, '2022-08-22 18:35:37', '2022-08-22 18:35:37', NULL),
	(286, 'Epson', 1, '2022-08-22 18:35:37', '2022-08-22 18:35:37', NULL),
	(287, 'Eraser', 1, '2022-08-22 18:35:37', '2022-08-22 18:35:37', NULL),
	(288, 'Esi', 1, '2022-08-22 18:35:37', '2022-08-22 18:35:37', NULL),
	(289, 'Espr', 1, '2022-08-22 18:35:37', '2022-08-22 18:35:37', NULL),
	(290, 'Espresso', 1, '2022-08-22 18:35:37', '2022-08-22 18:35:37', NULL),
	(291, 'Esprit', 1, '2022-08-22 18:35:37', '2022-08-22 18:35:37', NULL),
	(292, 'Esreen', 1, '2022-08-22 18:35:37', '2022-08-22 18:35:37', NULL),
	(293, 'Essentials', 1, '2022-08-22 18:35:37', '2022-08-22 18:35:37', NULL),
	(294, 'Essilor', 1, '2022-08-22 18:35:37', '2022-08-22 18:35:37', NULL),
	(295, 'Euro', 1, '2022-08-22 18:35:37', '2022-08-22 18:35:37', NULL),
	(296, 'European', 1, '2022-08-22 18:35:37', '2022-08-22 18:35:37', NULL),
	(297, 'Evo', 1, '2022-08-22 18:35:37', '2022-08-22 18:35:37', NULL),
	(298, 'Exced', 1, '2022-08-22 18:35:37', '2022-08-22 18:35:37', NULL),
	(299, 'Exceed', 1, '2022-08-22 18:35:37', '2022-08-22 18:35:37', NULL),
	(300, 'Executive', 1, '2022-08-22 18:35:37', '2022-08-22 18:35:37', NULL),
	(301, 'Exeed', 1, '2022-08-22 18:35:37', '2022-08-22 18:35:37', NULL),
	(302, 'Exercise', 1, '2022-08-22 18:35:37', '2022-08-22 18:35:37', NULL),
	(303, 'Exfoliator', 1, '2022-08-22 18:35:37', '2022-08-22 18:35:37', NULL),
	(304, 'Expertbook', 1, '2022-08-22 18:35:37', '2022-08-22 18:35:37', NULL),
	(305, 'External', 1, '2022-08-22 18:35:37', '2022-08-22 18:35:37', NULL),
	(306, 'Extremo', 1, '2022-08-22 18:35:37', '2022-08-22 18:35:37', NULL),
	(307, 'Eye', 1, '2022-08-22 18:35:37', '2022-08-22 18:35:37', NULL),
	(308, 'Eyebrow', 1, '2022-08-22 18:35:37', '2022-08-22 18:35:37', NULL),
	(309, 'Eyeglasses', 1, '2022-08-22 18:35:37', '2022-08-22 18:35:37', NULL),
	(310, 'Eyelash', 1, '2022-08-22 18:35:37', '2022-08-22 18:35:37', NULL),
	(311, 'Eyes', 1, '2022-08-22 18:35:37', '2022-08-22 18:35:37', NULL),
	(312, 'Eyewear', 1, '2022-08-22 18:35:37', '2022-08-22 18:35:37', NULL),
	(313, 'Face-up', 1, '2022-08-22 18:35:37', '2022-08-22 18:35:37', NULL),
	(314, 'Facial', 1, '2022-08-22 18:35:37', '2022-08-22 18:35:37', NULL),
	(315, 'Fan', 1, '2022-08-22 18:35:37', '2022-08-22 18:35:37', NULL),
	(316, 'Fanta', 1, '2022-08-22 18:35:37', '2022-08-22 18:35:37', NULL),
	(317, 'Fantasy', 1, '2022-08-22 18:35:37', '2022-08-22 18:35:37', NULL),
	(318, 'Fashion', 1, '2022-08-22 18:35:37', '2022-08-22 18:35:37', NULL),
	(319, 'Fastfood', 1, '2022-08-22 18:35:37', '2022-08-22 18:35:37', NULL),
	(320, 'Fender', 1, '2022-08-22 18:35:37', '2022-08-22 18:35:37', NULL),
	(321, 'Filipino', 1, '2022-08-22 18:35:37', '2022-08-22 18:35:37', NULL),
	(322, 'Films', 1, '2022-08-22 18:35:37', '2022-08-22 18:35:37', NULL),
	(323, 'Finds', 1, '2022-08-22 18:35:37', '2022-08-22 18:35:37', NULL),
	(324, 'Fini', 1, '2022-08-22 18:35:37', '2022-08-22 18:35:37', NULL),
	(325, 'First', 1, '2022-08-22 18:35:37', '2022-08-22 18:35:37', NULL),
	(326, 'Fish', 1, '2022-08-22 18:35:37', '2022-08-22 18:35:37', NULL),
	(327, 'Fitbit', 1, '2022-08-22 18:35:37', '2022-08-22 18:35:37', NULL),
	(328, 'Fitness', 1, '2022-08-22 18:35:37', '2022-08-22 18:35:37', NULL),
	(329, 'Flash', 1, '2022-08-22 18:35:37', '2022-08-22 18:35:37', NULL),
	(330, 'Flats', 1, '2022-08-22 18:35:37', '2022-08-22 18:35:37', NULL),
	(331, 'Flights', 1, '2022-08-22 18:35:37', '2022-08-22 18:35:37', NULL),
	(332, 'Flip', 1, '2022-08-22 18:35:37', '2022-08-22 18:35:37', NULL),
	(333, 'Flow', 1, '2022-08-22 18:35:37', '2022-08-22 18:35:37', NULL),
	(334, 'Foldable', 1, '2022-08-22 18:35:37', '2022-08-22 18:35:37', NULL),
	(335, 'FOMO', 1, '2022-08-22 18:35:37', '2022-08-22 18:35:37', NULL),
	(336, 'Food', 1, '2022-08-22 18:35:37', '2022-08-22 18:35:37', NULL),
	(337, 'Footwear', 1, '2022-08-22 18:35:37', '2022-08-22 18:35:37', NULL),
	(338, 'For', 1, '2022-08-22 18:35:37', '2022-08-22 18:35:37', NULL),
	(339, 'Foreign', 1, '2022-08-22 18:35:37', '2022-08-22 18:35:37', NULL),
	(340, 'Forex', 1, '2022-08-22 18:35:37', '2022-08-22 18:35:37', NULL),
	(341, 'Fortress', 1, '2022-08-22 18:35:37', '2022-08-22 18:35:37', NULL),
	(342, 'Fragrance', 1, '2022-08-22 18:35:37', '2022-08-22 18:35:37', NULL),
	(343, 'Frame', 1, '2022-08-22 18:35:37', '2022-08-22 18:35:37', NULL),
	(344, 'Frames', 1, '2022-08-22 18:35:37', '2022-08-22 18:35:37', NULL),
	(345, 'Frappe', 1, '2022-08-22 18:35:37', '2022-08-22 18:35:37', NULL),
	(346, 'Frappuccino', 1, '2022-08-22 18:35:37', '2022-08-22 18:35:37', NULL),
	(347, 'French', 1, '2022-08-22 18:35:37', '2022-08-22 18:35:37', NULL),
	(348, 'Fresh', 1, '2022-08-22 18:35:37', '2022-08-22 18:35:37', NULL),
	(349, 'Fried', 1, '2022-08-22 18:35:37', '2022-08-22 18:35:37', NULL),
	(350, 'Fries', 1, '2022-08-22 18:35:37', '2022-08-22 18:35:37', NULL),
	(351, 'Frutas', 1, '2022-08-22 18:35:37', '2022-08-22 18:35:37', NULL),
	(352, 'Fuji', 1, '2022-08-22 18:35:37', '2022-08-22 18:35:37', NULL),
	(353, 'Fun', 1, '2022-08-22 18:35:37', '2022-08-22 18:35:37', NULL),
	(354, 'Function', 1, '2022-08-22 18:35:37', '2022-08-22 18:35:37', NULL),
	(355, 'G', 1, '2022-08-22 18:35:37', '2022-08-22 18:35:37', NULL),
	(356, 'Gadget', 1, '2022-08-22 18:35:37', '2022-08-22 18:35:37', NULL),
	(357, 'Gadgetcity', 1, '2022-08-22 18:35:37', '2022-08-22 18:35:37', NULL),
	(358, 'Gadgets', 1, '2022-08-22 18:35:37', '2022-08-22 18:35:37', NULL),
	(359, 'Games', 1, '2022-08-22 18:35:37', '2022-08-22 18:35:37', NULL),
	(360, 'Gardening', 1, '2022-08-22 18:35:37', '2022-08-22 18:35:37', NULL),
	(361, 'Gataan', 1, '2022-08-22 18:35:37', '2022-08-22 18:35:37', NULL),
	(362, 'Gdr', 1, '2022-08-22 18:35:37', '2022-08-22 18:35:37', NULL),
	(363, 'Gelaro', 1, '2022-08-22 18:35:37', '2022-08-22 18:35:37', NULL),
	(364, 'Gelato', 1, '2022-08-22 18:35:37', '2022-08-22 18:35:37', NULL),
	(365, 'Gems', 1, '2022-08-22 18:35:37', '2022-08-22 18:35:37', NULL),
	(366, 'Gemstone', 1, '2022-08-22 18:35:37', '2022-08-22 18:35:37', NULL),
	(367, 'Genius', 1, '2022-08-22 18:35:37', '2022-08-22 18:35:37', NULL),
	(368, 'Genre', 1, '2022-08-22 18:35:37', '2022-08-22 18:35:37', NULL),
	(369, 'Gerry\'s', 1, '2022-08-22 18:35:37', '2022-08-22 18:35:37', NULL),
	(370, 'Gerrys', 1, '2022-08-22 18:35:37', '2022-08-22 18:35:37', NULL),
	(371, 'Gifts', 1, '2022-08-22 18:35:37', '2022-08-22 18:35:37', NULL),
	(372, 'Gigabyte', 1, '2022-08-22 18:35:37', '2022-08-22 18:35:37', NULL),
	(373, 'Ginataan', 1, '2022-08-22 18:35:37', '2022-08-22 18:35:37', NULL),
	(374, 'Gltapell', 1, '2022-08-22 18:35:37', '2022-08-22 18:35:37', NULL),
	(375, 'Glutapeel', 1, '2022-08-22 18:35:37', '2022-08-22 18:35:37', NULL),
	(376, 'Glutapel', 1, '2022-08-22 18:35:37', '2022-08-22 18:35:37', NULL),
	(377, 'Gluttapel', 1, '2022-08-22 18:35:37', '2022-08-22 18:35:37', NULL),
	(378, 'Go', 1, '2022-08-22 18:35:37', '2022-08-22 18:35:37', NULL),
	(379, 'Godan', 1, '2022-08-22 18:35:37', '2022-08-22 18:35:37', NULL),
	(380, 'Goginataan', 1, '2022-08-22 18:35:37', '2022-08-22 18:35:37', NULL),
	(381, 'Goginatan', 1, '2022-08-22 18:35:37', '2022-08-22 18:35:37', NULL),
	(382, 'Gold', 1, '2022-08-22 18:35:37', '2022-08-22 18:35:37', NULL),
	(383, 'Goldielocks', 1, '2022-08-22 18:35:37', '2022-08-22 18:35:37', NULL),
	(384, 'Goldilokcs', 1, '2022-08-22 18:35:37', '2022-08-22 18:35:37', NULL),
	(385, 'Government', 1, '2022-08-22 18:35:37', '2022-08-22 18:35:37', NULL),
	(386, 'Green', 1, '2022-08-22 18:35:37', '2022-08-22 18:35:37', NULL),
	(387, 'Grilled', 1, '2022-08-22 18:35:37', '2022-08-22 18:35:37', NULL),
	(388, 'Grooming', 1, '2022-08-22 18:35:37', '2022-08-22 18:35:37', NULL),
	(389, 'Group', 1, '2022-08-22 18:35:37', '2022-08-22 18:35:37', NULL),
	(390, 'Gubys', 1, '2022-08-22 18:35:37', '2022-08-22 18:35:37', NULL),
	(391, 'Guess', 1, '2022-08-22 18:35:37', '2022-08-22 18:35:37', NULL),
	(392, 'Guitar', 1, '2022-08-22 18:35:37', '2022-08-22 18:35:37', NULL),
	(393, 'H', 1, '2022-08-22 18:35:37', '2022-08-22 18:35:37', NULL),
	(394, 'Hair', 1, '2022-08-22 18:35:37', '2022-08-22 18:35:37', NULL),
	(395, 'Haircut', 1, '2022-08-22 18:35:37', '2022-08-22 18:35:37', NULL),
	(396, 'Hairdo', 1, '2022-08-22 18:35:37', '2022-08-22 18:35:37', NULL),
	(397, 'Hairstyle', 1, '2022-08-22 18:35:37', '2022-08-22 18:35:37', NULL),
	(398, 'Halo', 1, '2022-08-22 18:35:37', '2022-08-22 18:35:37', NULL),
	(399, 'Hand', 1, '2022-08-22 18:35:37', '2022-08-22 18:35:37', NULL),
	(400, 'Happ', 1, '2022-08-22 18:35:37', '2022-08-22 18:35:37', NULL),
	(401, 'Happy', 1, '2022-08-22 18:35:37', '2022-08-22 18:35:37', NULL),
	(402, 'Hapy', 1, '2022-08-22 18:35:37', '2022-08-22 18:35:37', NULL),
	(403, 'Harbor', 1, '2022-08-22 18:35:37', '2022-08-22 18:35:37', NULL),
	(404, 'Hard', 1, '2022-08-22 18:35:37', '2022-08-22 18:35:37', NULL),
	(405, 'Hardware', 1, '2022-08-22 18:35:37', '2022-08-22 18:35:37', NULL),
	(406, 'Hat', 1, '2022-08-22 18:35:37', '2022-08-22 18:35:37', NULL),
	(407, 'Havit', 1, '2022-08-22 18:35:37', '2022-08-22 18:35:37', NULL),
	(408, 'HDD', 1, '2022-08-22 18:35:37', '2022-08-22 18:35:37', NULL),
	(409, 'He', 1, '2022-08-22 18:35:37', '2022-08-22 18:35:37', NULL),
	(410, 'Headphones', 1, '2022-08-22 18:35:37', '2022-08-22 18:35:37', NULL),
	(411, 'Headset', 1, '2022-08-22 18:35:37', '2022-08-22 18:35:37', NULL),
	(412, 'Health', 1, '2022-08-22 18:35:37', '2022-08-22 18:35:37', NULL),
	(413, 'Hebrew', 1, '2022-08-22 18:35:37', '2022-08-22 18:35:37', NULL),
	(414, 'Hebrews', 1, '2022-08-22 18:35:37', '2022-08-22 18:35:37', NULL),
	(415, 'Heels', 1, '2022-08-22 18:35:37', '2022-08-22 18:35:37', NULL),
	(416, 'Helmet', 1, '2022-08-22 18:35:37', '2022-08-22 18:35:37', NULL),
	(417, 'High', 1, '2022-08-22 18:35:37', '2022-08-22 18:35:37', NULL),
	(418, 'Highlighter', 1, '2022-08-22 18:35:37', '2022-08-22 18:35:37', NULL),
	(419, 'Highlights', 1, '2022-08-22 18:35:37', '2022-08-22 18:35:37', NULL),
	(420, 'Hills', 1, '2022-08-22 18:35:37', '2022-08-22 18:35:37', NULL),
	(421, 'Hixon', 1, '2022-08-22 18:35:37', '2022-08-22 18:35:37', NULL),
	(422, 'Hkc', 1, '2022-08-22 18:35:37', '2022-08-22 18:35:37', NULL),
	(423, 'Hktv', 1, '2022-08-22 18:35:37', '2022-08-22 18:35:37', NULL),
	(424, 'Hnj', 1, '2022-08-22 18:35:37', '2022-08-22 18:35:37', NULL),
	(425, 'Holistics', 1, '2022-08-22 18:35:37', '2022-08-22 18:35:37', NULL),
	(426, 'Home', 1, '2022-08-22 18:35:37', '2022-08-22 18:35:37', NULL),
	(427, 'Hoodie', 1, '2022-08-22 18:35:37', '2022-08-22 18:35:37', NULL),
	(428, 'Hope', 1, '2022-08-22 18:35:37', '2022-08-22 18:35:37', NULL),
	(429, 'Horror', 1, '2022-08-22 18:35:37', '2022-08-22 18:35:37', NULL),
	(430, 'Hot', 1, '2022-08-22 18:35:37', '2022-08-22 18:35:37', NULL),
	(431, 'Hotdog', 1, '2022-08-22 18:35:37', '2022-08-22 18:35:37', NULL),
	(432, 'Houseware', 1, '2022-08-22 18:35:37', '2022-08-22 18:35:37', NULL),
	(433, 'Hoya', 1, '2022-08-22 18:35:37', '2022-08-22 18:35:37', NULL),
	(434, 'Hp', 1, '2022-08-22 18:35:37', '2022-08-22 18:35:37', NULL),
	(435, 'Hppy', 1, '2022-08-22 18:35:37', '2022-08-22 18:35:37', NULL),
	(436, 'Huawei', 1, '2022-08-22 18:35:37', '2022-08-22 18:35:37', NULL),
	(437, 'Hygiene', 1, '2022-08-22 18:35:37', '2022-08-22 18:35:37', NULL),
	(438, 'I.T', 1, '2022-08-22 18:35:37', '2022-08-22 18:35:37', NULL),
	(439, 'I.t.', 1, '2022-08-22 18:35:37', '2022-08-22 18:35:37', NULL),
	(440, 'Ibanez', 1, '2022-08-22 18:35:37', '2022-08-22 18:35:37', NULL),
	(441, 'Ice', 1, '2022-08-22 18:35:37', '2022-08-22 18:35:37', NULL),
	(442, 'Iced', 1, '2022-08-22 18:35:37', '2022-08-22 18:35:37', NULL),
	(443, 'Id', 1, '2022-08-22 18:35:37', '2022-08-22 18:35:37', NULL),
	(444, 'Iland', 1, '2022-08-22 18:35:37', '2022-08-22 18:35:37', NULL),
	(445, 'Indian', 1, '2022-08-22 18:35:37', '2022-08-22 18:35:37', NULL),
	(446, 'Infant', 1, '2022-08-22 18:35:37', '2022-08-22 18:35:37', NULL),
	(447, 'Ingersoil', 1, '2022-08-22 18:35:37', '2022-08-22 18:35:37', NULL),
	(448, 'Inihaw', 1, '2022-08-22 18:35:37', '2022-08-22 18:35:37', NULL),
	(449, 'Instrument', 1, '2022-08-22 18:35:37', '2022-08-22 18:35:37', NULL),
	(450, 'Insurance', 1, '2022-08-22 18:35:37', '2022-08-22 18:35:37', NULL),
	(451, 'Intel', 1, '2022-08-22 18:35:37', '2022-08-22 18:35:37', NULL),
	(452, 'International', 1, '2022-08-22 18:35:37', '2022-08-22 18:35:37', NULL),
	(453, 'Internet', 1, '2022-08-22 18:35:37', '2022-08-22 18:35:37', NULL),
	(454, 'Investment', 1, '2022-08-22 18:35:37', '2022-08-22 18:35:37', NULL),
	(455, 'Ipad', 1, '2022-08-22 18:35:37', '2022-08-22 18:35:37', NULL),
	(456, 'Iphone', 1, '2022-08-22 18:35:37', '2022-08-22 18:35:37', NULL),
	(457, 'Iskin', 1, '2022-08-22 18:35:37', '2022-08-22 18:35:37', NULL),
	(458, 'Island', 1, '2022-08-22 18:35:37', '2022-08-22 18:35:37', NULL),
	(459, 'It', 1, '2022-08-22 18:35:37', '2022-08-22 18:35:37', NULL),
	(460, 'IT.', 1, '2022-08-22 18:35:37', '2022-08-22 18:35:37', NULL),
	(461, 'Italian', 1, '2022-08-22 18:35:37', '2022-08-22 18:35:37', NULL),
	(462, 'J.co', 1, '2022-08-22 18:35:37', '2022-08-22 18:35:37', NULL),
	(463, 'Jabra', 1, '2022-08-22 18:35:37', '2022-08-22 18:35:37', NULL),
	(464, 'Jacket', 1, '2022-08-22 18:35:37', '2022-08-22 18:35:37', NULL),
	(465, 'Japanese', 1, '2022-08-22 18:35:37', '2022-08-22 18:35:37', NULL),
	(466, 'Jbl', 1, '2022-08-22 18:35:37', '2022-08-22 18:35:37', NULL),
	(467, 'Jco', 1, '2022-08-22 18:35:37', '2022-08-22 18:35:37', NULL),
	(468, 'Jeans', 1, '2022-08-22 18:35:37', '2022-08-22 18:35:37', NULL),
	(469, 'Jellies', 1, '2022-08-22 18:35:37', '2022-08-22 18:35:37', NULL),
	(470, 'Jersey', 1, '2022-08-22 18:35:37', '2022-08-22 18:35:37', NULL),
	(471, 'Jewelry', 1, '2022-08-22 18:35:37', '2022-08-22 18:35:37', NULL),
	(472, 'Jewels', 1, '2022-08-22 18:35:37', '2022-08-22 18:35:37', NULL),
	(473, 'Jl', 1, '2022-08-22 18:35:37', '2022-08-22 18:35:37', NULL),
	(474, 'Jogging', 1, '2022-08-22 18:35:37', '2022-08-22 18:35:37', NULL),
	(475, 'John', 1, '2022-08-22 18:35:37', '2022-08-22 18:35:37', NULL),
	(476, 'Johnlemon', 1, '2022-08-22 18:35:37', '2022-08-22 18:35:37', NULL),
	(477, 'Johnson', 1, '2022-08-22 18:35:37', '2022-08-22 18:35:37', NULL),
	(478, 'Jonlemon', 1, '2022-08-22 18:35:37', '2022-08-22 18:35:37', NULL),
	(479, 'Juice', 1, '2022-08-22 18:35:37', '2022-08-22 18:35:37', NULL),
	(480, 'Kasa', 1, '2022-08-22 18:35:37', '2022-08-22 18:35:37', NULL),
	(481, 'Kaspersky', 1, '2022-08-22 18:35:37', '2022-08-22 18:35:37', NULL),
	(482, 'Kate', 1, '2022-08-22 18:35:37', '2022-08-22 18:35:37', NULL),
	(483, 'Kenny', 1, '2022-08-22 18:35:37', '2022-08-22 18:35:37', NULL),
	(484, 'Kenny\'s', 1, '2022-08-22 18:35:37', '2022-08-22 18:35:37', NULL),
	(485, 'Kensington', 1, '2022-08-22 18:35:37', '2022-08-22 18:35:37', NULL),
	(486, 'Kettle', 1, '2022-08-22 18:35:37', '2022-08-22 18:35:37', NULL),
	(487, 'Keyboard', 1, '2022-08-22 18:35:37', '2022-08-22 18:35:37', NULL),
	(488, 'Kid\'s', 1, '2022-08-22 18:35:37', '2022-08-22 18:35:37', NULL),
	(489, 'Kids', 1, '2022-08-22 18:35:37', '2022-08-22 18:35:37', NULL),
	(490, 'Kids\'', 1, '2022-08-22 18:35:37', '2022-08-22 18:35:37', NULL),
	(491, 'Kidzoona', 1, '2022-08-22 18:35:37', '2022-08-22 18:35:37', NULL),
	(492, 'Kidzoonia', 1, '2022-08-22 18:35:37', '2022-08-22 18:35:37', NULL),
	(493, 'Kid\\\'s', 1, '2022-08-22 18:35:37', '2022-08-22 18:35:37', NULL),
	(494, 'Kingston', 1, '2022-08-22 18:35:37', '2022-08-22 18:35:37', NULL),
	(495, 'Konzert', 1, '2022-08-22 18:35:37', '2022-08-22 18:35:37', NULL),
	(496, 'Korean', 1, '2022-08-22 18:35:37', '2022-08-22 18:35:37', NULL),
	(497, 'Ladder', 1, '2022-08-22 18:35:37', '2022-08-22 18:35:37', NULL),
	(498, 'Lady\\\'s', 1, '2022-08-22 18:35:37', '2022-08-22 18:35:37', NULL),
	(499, 'Laminate', 1, '2022-08-22 18:35:37', '2022-08-22 18:35:37', NULL),
	(500, 'Laptop', 1, '2022-08-22 18:35:37', '2022-08-22 18:35:37', NULL),
	(501, 'Lasagna', 1, '2022-08-22 18:35:37', '2022-08-22 18:35:37', NULL),
	(502, 'Laud', 1, '2022-08-22 18:35:37', '2022-08-22 18:35:37', NULL),
	(503, 'Lavanda', 1, '2022-08-22 18:35:37', '2022-08-22 18:35:37', NULL),
	(504, 'Lawn', 1, '2022-08-22 18:35:37', '2022-08-22 18:35:37', NULL),
	(505, 'Laybare', 1, '2022-08-22 18:35:37', '2022-08-22 18:35:37', NULL),
	(506, 'Laybear', 1, '2022-08-22 18:35:37', '2022-08-22 18:35:37', NULL),
	(507, 'Leather', 1, '2022-08-22 18:35:37', '2022-08-22 18:35:37', NULL),
	(508, 'Lechon', 1, '2022-08-22 18:35:37', '2022-08-22 18:35:37', NULL),
	(509, 'Leebare', 1, '2022-08-22 18:35:37', '2022-08-22 18:35:37', NULL),
	(510, 'Leebear', 1, '2022-08-22 18:35:37', '2022-08-22 18:35:37', NULL),
	(511, 'Legion', 1, '2022-08-22 18:35:37', '2022-08-22 18:35:37', NULL),
	(512, 'Leisure', 1, '2022-08-22 18:35:37', '2022-08-22 18:35:37', NULL),
	(513, 'Lemon', 1, '2022-08-22 18:35:37', '2022-08-22 18:35:37', NULL),
	(514, 'Lenovo', 1, '2022-08-22 18:35:37', '2022-08-22 18:35:37', NULL),
	(515, 'Lian', 1, '2022-08-22 18:35:37', '2022-08-22 18:35:37', NULL),
	(516, 'Liang', 1, '2022-08-22 18:35:37', '2022-08-22 18:35:37', NULL),
	(517, 'Liangs', 1, '2022-08-22 18:35:37', '2022-08-22 18:35:37', NULL),
	(518, 'Lingerie', 1, '2022-08-22 18:35:37', '2022-08-22 18:35:37', NULL),
	(519, 'Linksys', 1, '2022-08-22 18:35:37', '2022-08-22 18:35:37', NULL),
	(520, 'Liposuction', 1, '2022-08-22 18:35:37', '2022-08-22 18:35:37', NULL),
	(521, 'Listen', 1, '2022-08-22 18:35:37', '2022-08-22 18:35:37', NULL),
	(522, 'Living', 1, '2022-08-22 18:35:37', '2022-08-22 18:35:37', NULL),
	(523, 'Load', 1, '2022-08-22 18:35:37', '2022-08-22 18:35:37', NULL),
	(524, 'Loans', 1, '2022-08-22 18:35:37', '2022-08-22 18:35:37', NULL),
	(525, 'Lockset', 1, '2022-08-22 18:35:37', '2022-08-22 18:35:37', NULL),
	(526, 'Logitech', 1, '2022-08-22 18:35:37', '2022-08-22 18:35:37', NULL),
	(527, 'Loreal', 1, '2022-08-22 18:35:37', '2022-08-22 18:35:37', NULL),
	(528, 'Lotion', 1, '2022-08-22 18:35:37', '2022-08-22 18:35:37', NULL),
	(529, 'Luminox', 1, '2022-08-22 18:35:37', '2022-08-22 18:35:37', NULL),
	(530, 'Lunch', 1, '2022-08-22 18:35:37', '2022-08-22 18:35:37', NULL),
	(531, 'Mac', 1, '2022-08-22 18:35:37', '2022-08-22 18:35:37', NULL),
	(532, 'Macao', 1, '2022-08-22 18:35:37', '2022-08-22 18:35:37', NULL),
	(533, 'Macho', 1, '2022-08-22 18:35:37', '2022-08-22 18:35:37', NULL),
	(534, 'Mailing', 1, '2022-08-22 18:35:37', '2022-08-22 18:35:37', NULL),
	(535, 'Main', 1, '2022-08-22 18:35:37', '2022-08-22 18:35:37', NULL),
	(536, 'Makao', 1, '2022-08-22 18:35:37', '2022-08-22 18:35:37', NULL),
	(537, 'Makeover', 1, '2022-08-22 18:35:37', '2022-08-22 18:35:37', NULL),
	(538, 'Makeup', 1, '2022-08-22 18:35:37', '2022-08-22 18:35:37', NULL),
	(539, 'Mami', 1, '2022-08-22 18:35:37', '2022-08-22 18:35:37', NULL),
	(540, 'Manicure', 1, '2022-08-22 18:35:37', '2022-08-22 18:35:37', NULL),
	(541, 'Manipedi', 1, '2022-08-22 18:35:37', '2022-08-22 18:35:37', NULL),
	(542, 'Marshall', 1, '2022-08-22 18:35:37', '2022-08-22 18:35:37', NULL),
	(543, 'Massage', 1, '2022-08-22 18:35:37', '2022-08-22 18:35:37', NULL),
	(544, 'Maternity', 1, '2022-08-22 18:35:37', '2022-08-22 18:35:37', NULL),
	(545, 'Matrix', 1, '2022-08-22 18:35:37', '2022-08-22 18:35:37', NULL),
	(546, 'Media', 1, '2022-08-22 18:35:37', '2022-08-22 18:35:37', NULL),
	(547, 'Medicine', 1, '2022-08-22 18:35:37', '2022-08-22 18:35:37', NULL),
	(548, 'Mediterranean', 1, '2022-08-22 18:35:37', '2022-08-22 18:35:37', NULL),
	(549, 'Memo', 1, '2022-08-22 18:35:37', '2022-08-22 18:35:37', NULL),
	(550, 'Men\'s', 1, '2022-08-22 18:35:37', '2022-08-22 18:35:37', NULL),
	(551, 'Mendes', 1, '2022-08-22 18:35:37', '2022-08-22 18:35:37', NULL),
	(552, 'Mendez', 1, '2022-08-22 18:35:37', '2022-08-22 18:35:37', NULL),
	(553, 'Mendres', 1, '2022-08-22 18:35:37', '2022-08-22 18:35:37', NULL),
	(554, 'Mendris', 1, '2022-08-22 18:35:37', '2022-08-22 18:35:37', NULL),
	(555, 'Men\\\'s', 1, '2022-08-22 18:35:37', '2022-08-22 18:35:37', NULL),
	(556, 'Merienda', 1, '2022-08-22 18:35:37', '2022-08-22 18:35:37', NULL),
	(557, 'Messenger', 1, '2022-08-22 18:35:37', '2022-08-22 18:35:37', NULL),
	(558, 'Mexican', 1, '2022-08-22 18:35:37', '2022-08-22 18:35:37', NULL),
	(559, 'Mi', 1, '2022-08-22 18:35:37', '2022-08-22 18:35:37', NULL),
	(560, 'Mic', 1, '2022-08-22 18:35:37', '2022-08-22 18:35:37', NULL),
	(561, 'Michael', 1, '2022-08-22 18:35:37', '2022-08-22 18:35:37', NULL),
	(562, 'Microsoft', 1, '2022-08-22 18:35:37', '2022-08-22 18:35:37', NULL),
	(563, 'Middle', 1, '2022-08-22 18:35:37', '2022-08-22 18:35:37', NULL),
	(564, 'Milk', 1, '2022-08-22 18:35:37', '2022-08-22 18:35:37', NULL),
	(565, 'Milktea', 1, '2022-08-22 18:35:37', '2022-08-22 18:35:37', NULL),
	(566, 'Mindrez', 1, '2022-08-22 18:35:37', '2022-08-22 18:35:37', NULL),
	(567, 'Minute', 1, '2022-08-22 18:35:37', '2022-08-22 18:35:37', NULL),
	(568, 'Mo', 1, '2022-08-22 18:35:37', '2022-08-22 18:35:37', NULL),
	(569, 'Mobile', 1, '2022-08-22 18:35:37', '2022-08-22 18:35:37', NULL),
	(570, 'Moisturizer', 1, '2022-08-22 18:35:37', '2022-08-22 18:35:37', NULL),
	(571, 'Mondaine', 1, '2022-08-22 18:35:37', '2022-08-22 18:35:37', NULL),
	(572, 'Money', 1, '2022-08-22 18:35:37', '2022-08-22 18:35:37', NULL),
	(573, 'Monitor', 1, '2022-08-22 18:35:37', '2022-08-22 18:35:37', NULL),
	(574, 'Moso', 1, '2022-08-22 18:35:37', '2022-08-22 18:35:37', NULL),
	(575, 'Motivo', 1, '2022-08-22 18:35:37', '2022-08-22 18:35:37', NULL),
	(576, 'Mouse', 1, '2022-08-22 18:35:37', '2022-08-22 18:35:37', NULL),
	(577, 'Movies', 1, '2022-08-22 18:35:37', '2022-08-22 18:35:37', NULL),
	(578, 'Mp3', 1, '2022-08-22 18:35:37', '2022-08-22 18:35:37', NULL),
	(579, 'Msi', 1, '2022-08-22 18:35:37', '2022-08-22 18:35:37', NULL),
	(580, 'Muchu', 1, '2022-08-22 18:35:37', '2022-08-22 18:35:37', NULL),
	(581, 'Music', 1, '2022-08-22 18:35:37', '2022-08-22 18:35:37', NULL),
	(582, 'Myphone', 1, '2022-08-22 18:35:37', '2022-08-22 18:35:37', NULL),
	(583, 'Nail', 1, '2022-08-22 18:35:37', '2022-08-22 18:35:37', NULL),
	(584, 'Natural', 1, '2022-08-22 18:35:37', '2022-08-22 18:35:37', NULL),
	(585, 'Nature\'s', 1, '2022-08-22 18:35:37', '2022-08-22 18:35:37', NULL),
	(586, 'Necklace', 1, '2022-08-22 18:35:37', '2022-08-22 18:35:37', NULL),
	(587, 'Nestle', 1, '2022-08-22 18:35:37', '2022-08-22 18:35:37', NULL),
	(588, 'Netbook', 1, '2022-08-22 18:35:37', '2022-08-22 18:35:37', NULL),
	(589, 'Netflix', 1, '2022-08-22 18:35:37', '2022-08-22 18:35:37', NULL),
	(590, 'New', 1, '2022-08-22 18:35:37', '2022-08-22 18:35:37', NULL),
	(591, 'Newborn', 1, '2022-08-22 18:35:37', '2022-08-22 18:35:37', NULL),
	(592, 'Nhk', 1, '2022-08-22 18:35:37', '2022-08-22 18:35:37', NULL),
	(593, 'Nike', 1, '2022-08-22 18:35:37', '2022-08-22 18:35:37', NULL),
	(594, 'Nintendo', 1, '2022-08-22 18:35:37', '2022-08-22 18:35:37', NULL),
	(595, 'Noah\'s', 1, '2022-08-22 18:35:37', '2022-08-22 18:35:37', NULL),
	(596, 'Nokia', 1, '2022-08-22 18:35:37', '2022-08-22 18:35:37', NULL),
	(597, 'Non-fashion', 1, '2022-08-22 18:35:37', '2022-08-22 18:35:37', NULL),
	(598, 'Noodles', 1, '2022-08-22 18:35:37', '2022-08-22 18:35:37', NULL),
	(599, 'Noriega', 1, '2022-08-22 18:35:37', '2022-08-22 18:35:37', NULL),
	(600, 'Notebook', 1, '2022-08-22 18:35:37', '2022-08-22 18:35:37', NULL),
	(601, 'Notepad', 1, '2022-08-22 18:35:37', '2022-08-22 18:35:37', NULL),
	(602, 'Novelty', 1, '2022-08-22 18:35:37', '2022-08-22 18:35:37', NULL),
	(603, 'Now', 1, '2022-08-22 18:35:37', '2022-08-22 18:35:37', NULL),
	(604, 'Number', 1, '2022-08-22 18:35:37', '2022-08-22 18:35:37', NULL),
	(605, 'Numi', 1, '2022-08-22 18:35:37', '2022-08-22 18:35:37', NULL),
	(606, 'Nvidia', 1, '2022-08-22 18:35:37', '2022-08-22 18:35:37', NULL),
	(607, 'Nyfd', 1, '2022-08-22 18:35:37', '2022-08-22 18:35:37', NULL),
	(608, 'O-like', 1, '2022-08-22 18:35:37', '2022-08-22 18:35:37', NULL),
	(609, 'Oakley', 1, '2022-08-22 18:35:37', '2022-08-22 18:35:37', NULL),
	(610, 'Office', 1, '2022-08-22 18:35:37', '2022-08-22 18:35:37', NULL),
	(611, 'Olivia', 1, '2022-08-22 18:35:37', '2022-08-22 18:35:37', NULL),
	(612, 'Omen', 1, '2022-08-22 18:35:37', '2022-08-22 18:35:37', NULL),
	(613, 'On', 1, '2022-08-22 18:35:37', '2022-08-22 18:35:37', NULL),
	(614, 'Open', 1, '2022-08-22 18:35:37', '2022-08-22 18:35:37', NULL),
	(615, 'Oppo', 1, '2022-08-22 18:35:37', '2022-08-22 18:35:37', NULL),
	(616, 'Optical', 1, '2022-08-22 18:35:37', '2022-08-22 18:35:37', NULL),
	(617, 'Oral', 1, '2022-08-22 18:35:37', '2022-08-22 18:35:37', NULL),
	(618, 'Orly', 1, '2022-08-22 18:35:37', '2022-08-22 18:35:37', NULL),
	(619, 'Otterbox', 1, '2022-08-22 18:35:37', '2022-08-22 18:35:37', NULL),
	(620, 'Outdoor', 1, '2022-08-22 18:35:37', '2022-08-22 18:35:37', NULL),
	(621, 'Oxord', 1, '2022-08-22 18:35:37', '2022-08-22 18:35:37', NULL),
	(622, 'Oxordcomputer', 1, '2022-08-22 18:35:37', '2022-08-22 18:35:37', NULL),
	(623, 'Oxygeneo', 1, '2022-08-22 18:35:37', '2022-08-22 18:35:37', NULL),
	(624, 'Padala', 1, '2022-08-22 18:35:37', '2022-08-22 18:35:37', NULL),
	(625, 'Paella', 1, '2022-08-22 18:35:37', '2022-08-22 18:35:37', NULL),
	(626, 'Paint', 1, '2022-08-22 18:35:37', '2022-08-22 18:35:37', NULL),
	(627, 'PAL', 1, '2022-08-22 18:35:37', '2022-08-22 18:35:37', NULL),
	(628, 'Palit', 1, '2022-08-22 18:35:37', '2022-08-22 18:35:37', NULL),
	(629, 'Pancake', 1, '2022-08-22 18:35:37', '2022-08-22 18:35:37', NULL),
	(630, 'Panda', 1, '2022-08-22 18:35:37', '2022-08-22 18:35:37', NULL),
	(631, 'Pansit', 1, '2022-08-22 18:35:37', '2022-08-22 18:35:37', NULL),
	(632, 'Pants', 1, '2022-08-22 18:35:37', '2022-08-22 18:35:37', NULL),
	(633, 'Parim', 1, '2022-08-22 18:35:37', '2022-08-22 18:35:37', NULL),
	(634, 'Party', 1, '2022-08-22 18:35:37', '2022-08-22 18:35:37', NULL),
	(635, 'Passport', 1, '2022-08-22 18:35:37', '2022-08-22 18:35:37', NULL),
	(636, 'Pasta', 1, '2022-08-22 18:35:37', '2022-08-22 18:35:37', NULL),
	(637, 'Pastries', 1, '2022-08-22 18:35:37', '2022-08-22 18:35:37', NULL),
	(638, 'Pastry', 1, '2022-08-22 18:35:37', '2022-08-22 18:35:37', NULL),
	(639, 'Pear', 1, '2022-08-22 18:35:37', '2022-08-22 18:35:37', NULL),
	(640, 'Pearl', 1, '2022-08-22 18:35:37', '2022-08-22 18:35:37', NULL),
	(641, 'Pedicure', 1, '2022-08-22 18:35:37', '2022-08-22 18:35:37', NULL),
	(642, 'Pen', 1, '2022-08-22 18:35:37', '2022-08-22 18:35:37', NULL),
	(643, 'Pendant', 1, '2022-08-22 18:35:37', '2022-08-22 18:35:37', NULL),
	(644, 'Penong\'s', 1, '2022-08-22 18:35:37', '2022-08-22 18:35:37', NULL),
	(645, 'Penongs', 1, '2022-08-22 18:35:37', '2022-08-22 18:35:37', NULL),
	(646, 'Pepsi', 1, '2022-08-22 18:35:37', '2022-08-22 18:35:37', NULL),
	(647, 'Perfume', 1, '2022-08-22 18:35:37', '2022-08-22 18:35:37', NULL),
	(648, 'Perm', 1, '2022-08-22 18:35:38', '2022-08-22 18:35:38', NULL),
	(649, 'Persona', 1, '2022-08-22 18:35:38', '2022-08-22 18:35:38', NULL),
	(650, 'Personal', 1, '2022-08-22 18:35:38', '2022-08-22 18:35:38', NULL),
	(651, 'Peso', 1, '2022-08-22 18:35:38', '2022-08-22 18:35:38', NULL),
	(652, 'Pharmacy', 1, '2022-08-22 18:35:38', '2022-08-22 18:35:38', NULL),
	(653, 'Philip', 1, '2022-08-22 18:35:38', '2022-08-22 18:35:38', NULL),
	(654, 'Philips', 1, '2022-08-22 18:35:38', '2022-08-22 18:35:38', NULL),
	(655, 'Phone', 1, '2022-08-22 18:35:38', '2022-08-22 18:35:38', NULL),
	(656, 'Photo', 1, '2022-08-22 18:35:38', '2022-08-22 18:35:38', NULL),
	(657, 'Photography', 1, '2022-08-22 18:35:38', '2022-08-22 18:35:38', NULL),
	(658, 'Piano', 1, '2022-08-22 18:35:38', '2022-08-22 18:35:38', NULL),
	(659, 'Picole', 1, '2022-08-22 18:35:38', '2022-08-22 18:35:38', NULL),
	(660, 'Picture', 1, '2022-08-22 18:35:38', '2022-08-22 18:35:38', NULL),
	(661, 'Pillow', 1, '2022-08-22 18:35:38', '2022-08-22 18:35:38', NULL),
	(662, 'Pinoy', 1, '2022-08-22 18:35:38', '2022-08-22 18:35:38', NULL),
	(663, 'Pizz', 1, '2022-08-22 18:35:38', '2022-08-22 18:35:38', NULL),
	(664, 'Pizza', 1, '2022-08-22 18:35:38', '2022-08-22 18:35:38', NULL),
	(665, 'Plans', 1, '2022-08-22 18:35:38', '2022-08-22 18:35:38', NULL),
	(666, 'Platform', 1, '2022-08-22 18:35:38', '2022-08-22 18:35:38', NULL),
	(667, 'Play', 1, '2022-08-22 18:35:38', '2022-08-22 18:35:38', NULL),
	(668, 'Playzone', 1, '2022-08-22 18:35:38', '2022-08-22 18:35:38', NULL),
	(669, 'Playzones', 1, '2022-08-22 18:35:38', '2022-08-22 18:35:38', NULL),
	(670, 'Plumbing', 1, '2022-08-22 18:35:38', '2022-08-22 18:35:38', NULL),
	(671, 'Po', 1, '2022-08-22 18:35:38', '2022-08-22 18:35:38', NULL),
	(672, 'Police', 1, '2022-08-22 18:35:38', '2022-08-22 18:35:38', NULL),
	(673, 'Polo', 1, '2022-08-22 18:35:38', '2022-08-22 18:35:38', NULL),
	(674, 'Popcorn', 1, '2022-08-22 18:35:38', '2022-08-22 18:35:38', NULL),
	(675, 'Pork', 1, '2022-08-22 18:35:38', '2022-08-22 18:35:38', NULL),
	(676, 'Portrait', 1, '2022-08-22 18:35:38', '2022-08-22 18:35:38', NULL),
	(677, 'Post', 1, '2022-08-22 18:35:38', '2022-08-22 18:35:38', NULL),
	(678, 'Postpaid', 1, '2022-08-22 18:35:38', '2022-08-22 18:35:38', NULL),
	(679, 'Powder', 1, '2022-08-22 18:35:38', '2022-08-22 18:35:38', NULL),
	(680, 'Power', 1, '2022-08-22 18:35:38', '2022-08-22 18:35:38', NULL),
	(681, 'Powermac', 1, '2022-08-22 18:35:38', '2022-08-22 18:35:38', NULL),
	(682, 'Prepaid', 1, '2022-08-22 18:35:38', '2022-08-22 18:35:38', NULL),
	(683, 'Prestige', 1, '2022-08-22 18:35:38', '2022-08-22 18:35:38', NULL),
	(684, 'Print', 1, '2022-08-22 18:35:38', '2022-08-22 18:35:38', NULL),
	(685, 'Printer', 1, '2022-08-22 18:35:38', '2022-08-22 18:35:38', NULL),
	(686, 'Printing', 1, '2022-08-22 18:35:38', '2022-08-22 18:35:38', NULL),
	(687, 'Processor', 1, '2022-08-22 18:35:38', '2022-08-22 18:35:38', NULL),
	(688, 'Promate', 1, '2022-08-22 18:35:38', '2022-08-22 18:35:38', NULL),
	(689, 'Promo', 1, '2022-08-22 18:35:38', '2022-08-22 18:35:38', NULL),
	(690, 'Protector', 1, '2022-08-22 18:35:38', '2022-08-22 18:35:38', NULL),
	(691, 'Prutas', 1, '2022-08-22 18:35:38', '2022-08-22 18:35:38', NULL),
	(692, 'Pudding', 1, '2022-08-22 18:35:38', '2022-08-22 18:35:38', NULL),
	(693, 'Pumps', 1, '2022-08-22 18:35:38', '2022-08-22 18:35:38', NULL),
	(694, 'Quartz', 1, '2022-08-22 18:35:38', '2022-08-22 18:35:38', NULL),
	(695, 'Quick', 1, '2022-08-22 18:35:38', '2022-08-22 18:35:38', NULL),
	(696, 'Rado', 1, '2022-08-22 18:35:38', '2022-08-22 18:35:38', NULL),
	(697, 'Ram', 1, '2022-08-22 18:35:38', '2022-08-22 18:35:38', NULL),
	(698, 'Ramen', 1, '2022-08-22 18:35:38', '2022-08-22 18:35:38', NULL),
	(699, 'Rapoo', 1, '2022-08-22 18:35:38', '2022-08-22 18:35:38', NULL),
	(700, 'Rayban', 1, '2022-08-22 18:35:38', '2022-08-22 18:35:38', NULL),
	(701, 'Razer', 1, '2022-08-22 18:35:38', '2022-08-22 18:35:38', NULL),
	(702, 'Real', 1, '2022-08-22 18:35:38', '2022-08-22 18:35:38', NULL),
	(703, 'Realme', 1, '2022-08-22 18:35:38', '2022-08-22 18:35:38', NULL),
	(704, 'Rebond', 1, '2022-08-22 18:35:38', '2022-08-22 18:35:38', NULL),
	(705, 'Recreation', 1, '2022-08-22 18:35:38', '2022-08-22 18:35:38', NULL),
	(706, 'Refreshment', 1, '2022-08-22 18:35:38', '2022-08-22 18:35:38', NULL),
	(707, 'Relax', 1, '2022-08-22 18:35:38', '2022-08-22 18:35:38', NULL),
	(708, 'Remedy', 1, '2022-08-22 18:35:38', '2022-08-22 18:35:38', NULL),
	(709, 'Remittance', 1, '2022-08-22 18:35:38', '2022-08-22 18:35:38', NULL),
	(710, 'Repair', 1, '2022-08-22 18:35:38', '2022-08-22 18:35:38', NULL),
	(711, 'Republic', 1, '2022-08-22 18:35:38', '2022-08-22 18:35:38', NULL),
	(712, 'Reservation', 1, '2022-08-22 18:35:38', '2022-08-22 18:35:38', NULL),
	(713, 'Retail', 1, '2022-08-22 18:35:38', '2022-08-22 18:35:38', NULL),
	(714, 'Rib', 1, '2022-08-22 18:35:38', '2022-08-22 18:35:38', NULL),
	(715, 'Ribs', 1, '2022-08-22 18:35:38', '2022-08-22 18:35:38', NULL),
	(716, 'Ricoh', 1, '2022-08-22 18:35:38', '2022-08-22 18:35:38', NULL),
	(717, 'Ring', 1, '2022-08-22 18:35:38', '2022-08-22 18:35:38', NULL),
	(718, 'Roasted', 1, '2022-08-22 18:35:38', '2022-08-22 18:35:38', NULL),
	(719, 'Roberto', 1, '2022-08-22 18:35:38', '2022-08-22 18:35:38', NULL),
	(720, 'Rock', 1, '2022-08-22 18:35:38', '2022-08-22 18:35:38', NULL),
	(721, 'Rockspace', 1, '2022-08-22 18:35:38', '2022-08-22 18:35:38', NULL),
	(722, 'Rockspaceph', 1, '2022-08-22 18:35:38', '2022-08-22 18:35:38', NULL),
	(723, 'Rodenstock', 1, '2022-08-22 18:35:38', '2022-08-22 18:35:38', NULL),
	(724, 'Rog', 1, '2022-08-22 18:35:38', '2022-08-22 18:35:38', NULL),
	(725, 'Romance', 1, '2022-08-22 18:35:38', '2022-08-22 18:35:38', NULL),
	(726, 'Romoss', 1, '2022-08-22 18:35:38', '2022-08-22 18:35:38', NULL),
	(727, 'Roti', 1, '2022-08-22 18:35:38', '2022-08-22 18:35:38', NULL),
	(728, 'Round', 1, '2022-08-22 18:35:38', '2022-08-22 18:35:38', NULL),
	(729, 'Rubber', 1, '2022-08-22 18:35:38', '2022-08-22 18:35:38', NULL),
	(730, 'Ruby', 1, '2022-08-22 18:35:38', '2022-08-22 18:35:38', NULL),
	(731, 'Running', 1, '2022-08-22 18:35:38', '2022-08-22 18:35:38', NULL),
	(732, 'Rush', 1, '2022-08-22 18:35:38', '2022-08-22 18:35:38', NULL),
	(733, 'Russell', 1, '2022-08-22 18:35:38', '2022-08-22 18:35:38', NULL),
	(734, 'Sala', 1, '2022-08-22 18:35:38', '2022-08-22 18:35:38', NULL),
	(735, 'Salon', 1, '2022-08-22 18:35:38', '2022-08-22 18:35:38', NULL),
	(736, 'Salvatore', 1, '2022-08-22 18:35:38', '2022-08-22 18:35:38', NULL),
	(737, 'Samsung', 1, '2022-08-22 18:35:38', '2022-08-22 18:35:38', NULL),
	(738, 'San', 1, '2022-08-22 18:35:38', '2022-08-22 18:35:38', NULL),
	(739, 'Sandals', 1, '2022-08-22 18:35:38', '2022-08-22 18:35:38', NULL),
	(740, 'Sandisk', 1, '2022-08-22 18:35:38', '2022-08-22 18:35:38', NULL),
	(741, 'Sandwich', 1, '2022-08-22 18:35:38', '2022-08-22 18:35:38', NULL),
	(742, 'Sangyeopsal', 1, '2022-08-22 18:35:38', '2022-08-22 18:35:38', NULL),
	(743, 'Sannie', 1, '2022-08-22 18:35:38', '2022-08-22 18:35:38', NULL),
	(744, 'Sannies', 1, '2022-08-22 18:35:38', '2022-08-22 18:35:38', NULL),
	(745, 'Sapphire', 1, '2022-08-22 18:35:38', '2022-08-22 18:35:38', NULL),
	(746, 'Satire', 1, '2022-08-22 18:35:38', '2022-08-22 18:35:38', NULL),
	(747, 'Savings', 1, '2022-08-22 18:35:38', '2022-08-22 18:35:38', NULL),
	(748, 'School', 1, '2022-08-22 18:35:38', '2022-08-22 18:35:38', NULL),
	(749, 'Scissors', 1, '2022-08-22 18:35:38', '2022-08-22 18:35:38', NULL),
	(750, 'Sconza', 1, '2022-08-22 18:35:38', '2022-08-22 18:35:38', NULL),
	(751, 'Screen', 1, '2022-08-22 18:35:38', '2022-08-22 18:35:38', NULL),
	(752, 'Se', 1, '2022-08-22 18:35:38', '2022-08-22 18:35:38', NULL),
	(753, 'Seafood', 1, '2022-08-22 18:35:38', '2022-08-22 18:35:38', NULL),
	(754, 'Seagate', 1, '2022-08-22 18:35:38', '2022-08-22 18:35:38', NULL),
	(755, 'Seen', 1, '2022-08-22 18:35:38', '2022-08-22 18:35:38', NULL),
	(756, 'Seiko', 1, '2022-08-22 18:35:38', '2022-08-22 18:35:38', NULL),
	(757, 'Selecta', 1, '2022-08-22 18:35:38', '2022-08-22 18:35:38', NULL),
	(758, 'Sennheiser', 1, '2022-08-22 18:35:38', '2022-08-22 18:35:38', NULL),
	(759, 'Sensuals', 1, '2022-08-22 18:35:38', '2022-08-22 18:35:38', NULL),
	(760, 'Service', 1, '2022-08-22 18:35:38', '2022-08-22 18:35:38', NULL),
	(761, 'Services', 1, '2022-08-22 18:35:38', '2022-08-22 18:35:38', NULL),
	(762, 'Shades', 1, '2022-08-22 18:35:38', '2022-08-22 18:35:38', NULL),
	(763, 'Shake', 1, '2022-08-22 18:35:38', '2022-08-22 18:35:38', NULL),
	(764, 'Shakeys', 1, '2022-08-22 18:35:38', '2022-08-22 18:35:38', NULL),
	(765, 'Shakyes', 1, '2022-08-22 18:35:38', '2022-08-22 18:35:38', NULL),
	(766, 'Shampoo', 1, '2022-08-22 18:35:38', '2022-08-22 18:35:38', NULL),
	(767, 'Shawarma', 1, '2022-08-22 18:35:38', '2022-08-22 18:35:38', NULL),
	(768, 'Shipping', 1, '2022-08-22 18:35:38', '2022-08-22 18:35:38', NULL),
	(769, 'Shirardelli', 1, '2022-08-22 18:35:38', '2022-08-22 18:35:38', NULL),
	(770, 'Shoes', 1, '2022-08-22 18:35:38', '2022-08-22 18:35:38', NULL),
	(771, 'Short', 1, '2022-08-22 18:35:38', '2022-08-22 18:35:38', NULL),
	(772, 'Shorts', 1, '2022-08-22 18:35:38', '2022-08-22 18:35:38', NULL),
	(773, 'Shoulder', 1, '2022-08-22 18:35:38', '2022-08-22 18:35:38', NULL),
	(774, 'Shower', 1, '2022-08-22 18:35:38', '2022-08-22 18:35:38', NULL),
	(775, 'Sides', 1, '2022-08-22 18:35:38', '2022-08-22 18:35:38', NULL),
	(776, 'Signal', 1, '2022-08-22 18:35:38', '2022-08-22 18:35:38', NULL),
	(777, 'Silver', 1, '2022-08-22 18:35:38', '2022-08-22 18:35:38', NULL),
	(778, 'Sinigang', 1, '2022-08-22 18:35:38', '2022-08-22 18:35:38', NULL),
	(779, 'Siomai', 1, '2022-08-22 18:35:38', '2022-08-22 18:35:38', NULL),
	(780, 'Sisig', 1, '2022-08-22 18:35:38', '2022-08-22 18:35:38', NULL),
	(781, 'Skin', 1, '2022-08-22 18:35:38', '2022-08-22 18:35:38', NULL),
	(782, 'Skincare', 1, '2022-08-22 18:35:38', '2022-08-22 18:35:38', NULL),
	(783, 'Skirt', 1, '2022-08-22 18:35:38', '2022-08-22 18:35:38', NULL),
	(784, 'Skywing', 1, '2022-08-22 18:35:38', '2022-08-22 18:35:38', NULL),
	(785, 'Sleeveless', 1, '2022-08-22 18:35:38', '2022-08-22 18:35:38', NULL),
	(786, 'Slimming', 1, '2022-08-22 18:35:38', '2022-08-22 18:35:38', NULL),
	(787, 'Sling', 1, '2022-08-22 18:35:38', '2022-08-22 18:35:38', NULL),
	(788, 'Slip-on', 1, '2022-08-22 18:35:38', '2022-08-22 18:35:38', NULL),
	(789, 'Slippers', 1, '2022-08-22 18:35:38', '2022-08-22 18:35:38', NULL),
	(790, 'Sm', 1, '2022-08-22 18:35:38', '2022-08-22 18:35:38', NULL),
	(791, 'Smart', 1, '2022-08-22 18:35:38', '2022-08-22 18:35:38', NULL),
	(792, 'Smartphone', 1, '2022-08-22 18:35:38', '2022-08-22 18:35:38', NULL),
	(793, 'Smartwatch', 1, '2022-08-22 18:35:38', '2022-08-22 18:35:38', NULL),
	(794, 'Smaxer', 1, '2022-08-22 18:35:38', '2022-08-22 18:35:38', NULL),
	(795, 'Smoothies', 1, '2022-08-22 18:35:38', '2022-08-22 18:35:38', NULL),
	(796, 'Snack', 1, '2022-08-22 18:35:38', '2022-08-22 18:35:38', NULL),
	(797, 'Sndwich', 1, '2022-08-22 18:35:38', '2022-08-22 18:35:38', NULL),
	(798, 'Sneakers', 1, '2022-08-22 18:35:38', '2022-08-22 18:35:38', NULL),
	(799, 'Soap', 1, '2022-08-22 18:35:38', '2022-08-22 18:35:38', NULL),
	(800, 'Socks', 1, '2022-08-22 18:35:38', '2022-08-22 18:35:38', NULL),
	(801, 'Sofa', 1, '2022-08-22 18:35:38', '2022-08-22 18:35:38', NULL),
	(802, 'Software', 1, '2022-08-22 18:35:38', '2022-08-22 18:35:38', NULL),
	(803, 'Sola', 1, '2022-08-22 18:35:38', '2022-08-22 18:35:38', NULL),
	(804, 'Sony', 1, '2022-08-22 18:35:38', '2022-08-22 18:35:38', NULL),
	(805, 'Soundpeats', 1, '2022-08-22 18:35:38', '2022-08-22 18:35:38', NULL),
	(806, 'Soup', 1, '2022-08-22 18:35:38', '2022-08-22 18:35:38', NULL),
	(807, 'Spaghetti', 1, '2022-08-22 18:35:38', '2022-08-22 18:35:38', NULL),
	(808, 'Spanish', 1, '2022-08-22 18:35:38', '2022-08-22 18:35:38', NULL),
	(809, 'Speaker', 1, '2022-08-22 18:35:38', '2022-08-22 18:35:38', NULL),
	(810, 'Speakers', 1, '2022-08-22 18:35:38', '2022-08-22 18:35:38', NULL),
	(811, 'Specialty', 1, '2022-08-22 18:35:38', '2022-08-22 18:35:38', NULL),
	(812, 'Sports', 1, '2022-08-22 18:35:38', '2022-08-22 18:35:38', NULL),
	(813, 'Sportswear', 1, '2022-08-22 18:35:38', '2022-08-22 18:35:38', NULL),
	(814, 'Starmobile', 1, '2022-08-22 18:35:38', '2022-08-22 18:35:38', NULL),
	(815, 'Steak', 1, '2022-08-22 18:35:38', '2022-08-22 18:35:38', NULL),
	(816, 'Steelseries', 1, '2022-08-22 18:35:38', '2022-08-22 18:35:38', NULL),
	(817, 'Stereo', 1, '2022-08-22 18:35:38', '2022-08-22 18:35:38', NULL),
	(818, 'Stick', 1, '2022-08-22 18:35:38', '2022-08-22 18:35:38', NULL),
	(819, 'Stickeran', 1, '2022-08-22 18:35:38', '2022-08-22 18:35:38', NULL),
	(820, 'Sticks', 1, '2022-08-22 18:35:38', '2022-08-22 18:35:38', NULL),
	(821, 'Stilettos', 1, '2022-08-22 18:35:38', '2022-08-22 18:35:38', NULL),
	(822, 'Straight', 1, '2022-08-22 18:35:38', '2022-08-22 18:35:38', NULL),
	(823, 'Summer', 1, '2022-08-22 18:35:38', '2022-08-22 18:35:38', NULL),
	(824, 'Summit', 1, '2022-08-22 18:35:38', '2022-08-22 18:35:38', NULL),
	(825, 'Sunblock', 1, '2022-08-22 18:35:38', '2022-08-22 18:35:38', NULL),
	(826, 'Sunglasses', 1, '2022-08-22 18:35:38', '2022-08-22 18:35:38', NULL),
	(827, 'Sunies', 1, '2022-08-22 18:35:38', '2022-08-22 18:35:38', NULL),
	(828, 'Sunnies', 1, '2022-08-22 18:35:38', '2022-08-22 18:35:38', NULL),
	(829, 'Sunny', 1, '2022-08-22 18:35:38', '2022-08-22 18:35:38', NULL),
	(830, 'Supplies', 1, '2022-08-22 18:35:38', '2022-08-22 18:35:38', NULL),
	(831, 'Suspense', 1, '2022-08-22 18:35:38', '2022-08-22 18:35:38', NULL),
	(832, 'Sweater', 1, '2022-08-22 18:35:38', '2022-08-22 18:35:38', NULL),
	(833, 'Sweets', 1, '2022-08-22 18:35:38', '2022-08-22 18:35:38', NULL),
	(834, 'Swiss', 1, '2022-08-22 18:35:38', '2022-08-22 18:35:38', NULL),
	(835, 'T', 1, '2022-08-22 18:35:38', '2022-08-22 18:35:38', NULL),
	(836, 'Tablet', 1, '2022-08-22 18:35:38', '2022-08-22 18:35:38', NULL),
	(837, 'Tabletcity', 1, '2022-08-22 18:35:38', '2022-08-22 18:35:38', NULL),
	(838, 'Tags', 1, '2022-08-22 18:35:38', '2022-08-22 18:35:38', NULL),
	(839, 'Tank', 1, '2022-08-22 18:35:38', '2022-08-22 18:35:38', NULL),
	(840, 'Teamelite', 1, '2022-08-22 18:35:38', '2022-08-22 18:35:38', NULL),
	(841, 'Tech', 1, '2022-08-22 18:35:38', '2022-08-22 18:35:38', NULL),
	(842, 'Tech101', 1, '2022-08-22 18:35:38', '2022-08-22 18:35:38', NULL),
	(843, 'Techno', 1, '2022-08-22 18:35:38', '2022-08-22 18:35:38', NULL),
	(844, 'Technology', 1, '2022-08-22 18:35:38', '2022-08-22 18:35:38', NULL),
	(845, 'Tecno', 1, '2022-08-22 18:35:38', '2022-08-22 18:35:38', NULL),
	(846, 'Tees', 1, '2022-08-22 18:35:38', '2022-08-22 18:35:38', NULL),
	(847, 'Teeth', 1, '2022-08-22 18:35:38', '2022-08-22 18:35:38', NULL),
	(848, 'Telecommunication', 1, '2022-08-22 18:35:38', '2022-08-22 18:35:38', NULL),
	(849, 'Telecommunications', 1, '2022-08-22 18:35:38', '2022-08-22 18:35:38', NULL),
	(850, 'Telephone', 1, '2022-08-22 18:35:38', '2022-08-22 18:35:38', NULL),
	(851, 'Tempura', 1, '2022-08-22 18:35:38', '2022-08-22 18:35:38', NULL),
	(852, 'Tenda', 1, '2022-08-22 18:35:38', '2022-08-22 18:35:38', NULL),
	(853, 'The', 1, '2022-08-22 18:35:38', '2022-08-22 18:35:38', NULL),
	(854, 'Theater', 1, '2022-08-22 18:35:38', '2022-08-22 18:35:38', NULL),
	(855, 'This', 1, '2022-08-22 18:35:38', '2022-08-22 18:35:38', NULL),
	(856, 'Threading', 1, '2022-08-22 18:35:38', '2022-08-22 18:35:38', NULL),
	(857, 'Thriller', 1, '2022-08-22 18:35:38', '2022-08-22 18:35:38', NULL),
	(858, 'Tie', 1, '2022-08-22 18:35:38', '2022-08-22 18:35:38', NULL),
	(859, 'Tights', 1, '2022-08-22 18:35:38', '2022-08-22 18:35:38', NULL),
	(860, 'Timepiece', 1, '2022-08-22 18:35:38', '2022-08-22 18:35:38', NULL),
	(861, 'Tissot', 1, '2022-08-22 18:35:38', '2022-08-22 18:35:38', NULL),
	(862, 'Titan', 1, '2022-08-22 18:35:38', '2022-08-22 18:35:38', NULL),
	(863, 'Titanio', 1, '2022-08-22 18:35:38', '2022-08-22 18:35:38', NULL),
	(864, 'TJ', 1, '2022-08-22 18:35:38', '2022-08-22 18:35:38', NULL),
	(865, 'Toe', 1, '2022-08-22 18:35:38', '2022-08-22 18:35:38', NULL),
	(866, 'Toiletries', 1, '2022-08-22 18:35:38', '2022-08-22 18:35:38', NULL),
	(867, 'Tom\'s', 1, '2022-08-22 18:35:38', '2022-08-22 18:35:38', NULL),
	(868, 'Tommy', 1, '2022-08-22 18:35:38', '2022-08-22 18:35:38', NULL),
	(869, 'Toner', 1, '2022-08-22 18:35:38', '2022-08-22 18:35:38', NULL),
	(870, 'Toolbox', 1, '2022-08-22 18:35:38', '2022-08-22 18:35:38', NULL),
	(871, 'Top', 1, '2022-08-22 18:35:38', '2022-08-22 18:35:38', NULL),
	(872, 'Toppings', 1, '2022-08-22 18:35:38', '2022-08-22 18:35:38', NULL),
	(873, 'Torani', 1, '2022-08-22 18:35:38', '2022-08-22 18:35:38', NULL),
	(874, 'Tours', 1, '2022-08-22 18:35:38', '2022-08-22 18:35:38', NULL),
	(875, 'Toy', 1, '2022-08-22 18:35:38', '2022-08-22 18:35:38', NULL),
	(876, 'Tp-link', 1, '2022-08-22 18:35:38', '2022-08-22 18:35:38', NULL),
	(877, 'Transcend', 1, '2022-08-22 18:35:38', '2022-08-22 18:35:38', NULL),
	(878, 'Transfer', 1, '2022-08-22 18:35:38', '2022-08-22 18:35:38', NULL),
	(879, 'Travel', 1, '2022-08-22 18:35:38', '2022-08-22 18:35:38', NULL),
	(880, 'Treatment', 1, '2022-08-22 18:35:38', '2022-08-22 18:35:38', NULL),
	(881, 'Trousers', 1, '2022-08-22 18:35:38', '2022-08-22 18:35:38', NULL),
	(882, 'Trugel', 1, '2022-08-22 18:35:38', '2022-08-22 18:35:38', NULL),
	(883, 'Tsaa', 1, '2022-08-22 18:35:38', '2022-08-22 18:35:38', NULL),
	(884, 'Tshirt', 1, '2022-08-22 18:35:38', '2022-08-22 18:35:38', NULL),
	(885, 'Tuf', 1, '2022-08-22 18:35:38', '2022-08-22 18:35:38', NULL),
	(886, 'Turk\'s', 1, '2022-08-22 18:35:38', '2022-08-22 18:35:38', NULL),
	(887, 'Tw', 1, '2022-08-22 18:35:38', '2022-08-22 18:35:38', NULL),
	(888, 'Ultracel', 1, '2022-08-22 18:35:38', '2022-08-22 18:35:38', NULL),
	(889, 'Underwear', 1, '2022-08-22 18:35:38', '2022-08-22 18:35:38', NULL),
	(890, 'Uniclo', 1, '2022-08-22 18:35:38', '2022-08-22 18:35:38', NULL),
	(891, 'Unli', 1, '2022-08-22 18:35:38', '2022-08-22 18:35:38', NULL),
	(892, 'Unlirice', 1, '2022-08-22 18:35:38', '2022-08-22 18:35:38', NULL),
	(893, 'Urbame', 1, '2022-08-22 18:35:38', '2022-08-22 18:35:38', NULL),
	(894, 'Urbanears', 1, '2022-08-22 18:35:38', '2022-08-22 18:35:38', NULL),
	(895, 'Usb', 1, '2022-08-22 18:35:38', '2022-08-22 18:35:38', NULL),
	(896, 'V', 1, '2022-08-22 18:35:38', '2022-08-22 18:35:38', NULL),
	(897, 'Vabin', 1, '2022-08-22 18:35:38', '2022-08-22 18:35:38', NULL),
	(898, 'Value', 1, '2022-08-22 18:35:38', '2022-08-22 18:35:38', NULL),
	(899, 'Vavin', 1, '2022-08-22 18:35:38', '2022-08-22 18:35:38', NULL),
	(900, 'Vegan', 1, '2022-08-22 18:35:38', '2022-08-22 18:35:38', NULL),
	(901, 'Vegetable', 1, '2022-08-22 18:35:38', '2022-08-22 18:35:38', NULL),
	(902, 'Vegetables', 1, '2022-08-22 18:35:38', '2022-08-22 18:35:38', NULL),
	(903, 'Vegetarian', 1, '2022-08-22 18:35:38', '2022-08-22 18:35:38', NULL),
	(904, 'Veggies', 1, '2022-08-22 18:35:38', '2022-08-22 18:35:38', NULL),
	(905, 'Verity', 1, '2022-08-22 18:35:38', '2022-08-22 18:35:38', NULL),
	(906, 'Verra', 1, '2022-08-22 18:35:38', '2022-08-22 18:35:38', NULL),
	(907, 'Versace', 1, '2022-08-22 18:35:38', '2022-08-22 18:35:38', NULL),
	(908, 'Vertux', 1, '2022-08-22 18:35:38', '2022-08-22 18:35:38', NULL),
	(909, 'Vest', 1, '2022-08-22 18:35:38', '2022-08-22 18:35:38', NULL),
	(910, 'Victorinox', 1, '2022-08-22 18:35:38', '2022-08-22 18:35:38', NULL),
	(911, 'Viewsonic', 1, '2022-08-22 18:35:38', '2022-08-22 18:35:38', NULL),
	(912, 'Violin', 1, '2022-08-22 18:35:38', '2022-08-22 18:35:38', NULL),
	(913, 'Virety', 1, '2022-08-22 18:35:38', '2022-08-22 18:35:38', NULL),
	(914, 'Vision', 1, '2022-08-22 18:35:38', '2022-08-22 18:35:38', NULL),
	(915, 'Vission', 1, '2022-08-22 18:35:38', '2022-08-22 18:35:38', NULL),
	(916, 'Vitamins', 1, '2022-08-22 18:35:38', '2022-08-22 18:35:38', NULL),
	(917, 'Vivio', 1, '2022-08-22 18:35:38', '2022-08-22 18:35:38', NULL),
	(918, 'Vivo', 1, '2022-08-22 18:35:38', '2022-08-22 18:35:38', NULL),
	(919, 'Vivobook', 1, '2022-08-22 18:35:38', '2022-08-22 18:35:38', NULL),
	(920, 'Vneck', 1, '2022-08-22 18:35:38', '2022-08-22 18:35:38', NULL),
	(921, 'Waffle', 1, '2022-08-22 18:35:38', '2022-08-22 18:35:38', NULL),
	(922, 'Wallet', 1, '2022-08-22 18:35:38', '2022-08-22 18:35:38', NULL),
	(923, 'Warheads', 1, '2022-08-22 18:35:38', '2022-08-22 18:35:38', NULL),
	(924, 'Watch', 1, '2022-08-22 18:35:38', '2022-08-22 18:35:38', NULL),
	(925, 'Wax', 1, '2022-08-22 18:35:38', '2022-08-22 18:35:38', NULL),
	(926, 'Webcam', 1, '2022-08-22 18:35:38', '2022-08-22 18:35:38', NULL),
	(927, 'Wedding', 1, '2022-08-22 18:35:38', '2022-08-22 18:35:38', NULL),
	(928, 'Wedge', 1, '2022-08-22 18:35:38', '2022-08-22 18:35:38', NULL),
	(929, 'Welln', 1, '2022-08-22 18:35:38', '2022-08-22 18:35:38', NULL),
	(930, 'Wellness', 1, '2022-08-22 18:35:38', '2022-08-22 18:35:38', NULL),
	(931, 'Wenger', 1, '2022-08-22 18:35:38', '2022-08-22 18:35:38', NULL),
	(932, 'Whitening', 1, '2022-08-22 18:35:38', '2022-08-22 18:35:38', NULL),
	(933, 'Wiring', 1, '2022-08-22 18:35:38', '2022-08-22 18:35:38', NULL),
	(934, 'Withdrawal', 1, '2022-08-22 18:35:38', '2022-08-22 18:35:38', NULL),
	(935, 'World', 1, '2022-08-22 18:35:38', '2022-08-22 18:35:38', NULL),
	(936, 'World\'s', 1, '2022-08-22 18:35:38', '2022-08-22 18:35:38', NULL),
	(937, 'Worlds', 1, '2022-08-22 18:35:38', '2022-08-22 18:35:38', NULL),
	(938, 'Wrist', 1, '2022-08-22 18:35:38', '2022-08-22 18:35:38', NULL),
	(939, 'Xceed', 1, '2022-08-22 18:35:38', '2022-08-22 18:35:38', NULL),
	(940, 'Xiaomi', 1, '2022-08-22 18:35:38', '2022-08-22 18:35:38', NULL),
	(941, 'Yamaha', 1, '2022-08-22 18:35:38', '2022-08-22 18:35:38', NULL),
	(942, 'Yoga', 1, '2022-08-22 18:35:38', '2022-08-22 18:35:38', NULL),
	(943, 'Youtube', 1, '2022-08-22 18:35:38', '2022-08-22 18:35:38', NULL),
	(944, 'Zenbook', 1, '2022-08-22 18:35:38', '2022-08-22 18:35:38', NULL),
	(945, 'Zenfone', 1, '2022-08-22 18:35:38', '2022-08-22 18:35:38', NULL),
	(946, 'Zenscreen', 1, '2022-08-22 18:35:38', '2022-08-22 18:35:38', NULL);

-- Dumping structure for table prestige.users
DROP TABLE IF EXISTS `users`;
CREATE TABLE IF NOT EXISTS `users` (
  `id` bigint(20) unsigned NOT NULL AUTO_INCREMENT,
  `full_name` varchar(191) COLLATE utf8mb4_unicode_ci NOT NULL,
  `email` varchar(191) COLLATE utf8mb4_unicode_ci NOT NULL,
  `user_name` varchar(191) COLLATE utf8mb4_unicode_ci NOT NULL,
  `password` varchar(191) COLLATE utf8mb4_unicode_ci NOT NULL,
  `salt` varchar(191) COLLATE utf8mb4_unicode_ci DEFAULT NULL,
  `login_attempt` int(11) NOT NULL DEFAULT '0',
  `is_blocked` int(11) NOT NULL DEFAULT '0',
  `status` tinyint(1) NOT NULL DEFAULT '0',
  `activation_token` varchar(191) COLLATE utf8mb4_unicode_ci DEFAULT NULL,
  `remember_token` varchar(100) COLLATE utf8mb4_unicode_ci DEFAULT NULL,
  `created_at` timestamp NULL DEFAULT NULL,
  `updated_at` timestamp NULL DEFAULT NULL,
  `deleted_at` timestamp NULL DEFAULT NULL,
  PRIMARY KEY (`id`),
  UNIQUE KEY `users_email_unique` (`email`),
  UNIQUE KEY `users_user_name_unique` (`user_name`)
) ENGINE=InnoDB DEFAULT CHARSET=utf8mb4 COLLATE=utf8mb4_unicode_ci;

-- Dumping data for table prestige.users: ~0 rows (approximately)

-- Dumping structure for table prestige.users_meta
DROP TABLE IF EXISTS `users_meta`;
CREATE TABLE IF NOT EXISTS `users_meta` (
  `id` bigint(20) unsigned NOT NULL AUTO_INCREMENT,
  `user_id` bigint(20) unsigned DEFAULT NULL,
  `meta_key` varchar(191) COLLATE utf8mb4_unicode_ci DEFAULT NULL,
  `meta_value` longtext COLLATE utf8mb4_unicode_ci,
  `created_at` timestamp NULL DEFAULT NULL,
  `updated_at` timestamp NULL DEFAULT NULL,
  `deleted_at` timestamp NULL DEFAULT NULL,
  PRIMARY KEY (`id`),
  KEY `users_meta_user_id_foreign` (`user_id`),
  KEY `users_meta_meta_key_index` (`meta_key`),
  CONSTRAINT `users_meta_user_id_foreign` FOREIGN KEY (`user_id`) REFERENCES `users` (`id`)
) ENGINE=InnoDB DEFAULT CHARSET=utf8mb4 COLLATE=utf8mb4_unicode_ci;

-- Dumping data for table prestige.users_meta: ~0 rows (approximately)

/*!40103 SET TIME_ZONE=IFNULL(@OLD_TIME_ZONE, 'system') */;
/*!40101 SET SQL_MODE=IFNULL(@OLD_SQL_MODE, '') */;
/*!40014 SET FOREIGN_KEY_CHECKS=IFNULL(@OLD_FOREIGN_KEY_CHECKS, 1) */;
/*!40101 SET CHARACTER_SET_CLIENT=@OLD_CHARACTER_SET_CLIENT */;
/*!40111 SET SQL_NOTES=IFNULL(@OLD_SQL_NOTES, 1) */;
